t,gate_idx,range_m,true_bx,true_by,true_bz,cv_bx,cv_by,cv_bz,err_x,err_y,err_z,err_total,true_vx,true_vy,true_vz,cv_vx,cv_vy,cv_vz,verr_x,verr_y,verr_z,verr_total,pnp_ok,reliable,gate_qw,gate_qx,gate_qy,gate_qz,odo_qw,odo_qx,odo_qy,odo_qz,cv_rx,cv_ry,cv_rz
8.138,0,23.301,22.166,0.377,-7.173,23.017,0.425,-8.155,0.850,0.048,-0.982,1.300,0.000,0.000,0.000,-0.000,-0.000,-0.000,-0.000,-0.000,-0.000,0.000,True,True,0.70711,0.00000,-0.00000,0.70711,0.00051,-0.15472,0.00005,-0.98796,2.19985,-0.05153,-0.07353
8.159,0,23.301,22.166,0.377,-7.173,23.152,0.442,-8.355,0.985,0.065,-1.182,1.540,-0.022,-0.001,-0.609,-0.000,-0.000,-0.000,0.022,0.001,0.609,0.609,True,True,0.70711,0.00000,-0.00000,0.70711,0.00051,-0.15472,0.00005,-0.98796,2.47125,-0.06860,-0.31509
8.180,0,23.296,22.918,0.545,-4.144,22.753,0.421,-8.233,-0.165,-0.124,-4.089,4.094,0.100,0.046,-0.970,-0.000,-0.000,-0.000,-0.100,-0.046,0.970,0.976,True,True,0.70711,0.00000,-0.00000,0.70711,0.00176,0.08888,-0.01520,0.99593,2.36899,-0.12145,-0.27353
8.201,0,23.284,22.624,0.603,-5.474,22.982,0.287,-6.188,0.358,-0.317,-0.714,0.859,0.097,0.061,-0.860,-0.000,-0.000,-0.000,-0.097,-0.061,0.860,0.867,True,True,0.70711,0.00000,-0.00000,0.70711,-0.00183,-0.11892,0.02170,-0.99266,2.13635,-0.19853,-0.17835
8.262,0,23.279,22.473,0.566,-6.048,23.344,0.244,-6.387,0.872,-0.322,-0.340,0.989,0.204,0.026,-0.233,-0.000,-0.000,-0.000,-0.204,-0.026,0.233,0.311,True,True,0.70711,0.00000,-0.00000,0.70711,-0.00108,-0.13176,0.01922,-0.99109,1.88397,-0.00536,0.01484
8.283,0,23.269,22.242,0.559,-6.814,23.665,0.201,-6.763,1.423,-0.358,0.051,1.469,0.259,0.020,-0.074,-0.000,-0.000,-0.000,-0.259,-0.020,0.074,0.270,True,True,0.70711,0.00000,-0.00000,0.70711,-0.00062,-0.14900,0.01936,-0.98865,1.92610,-0.01226,0.08069
8.304,0,23.257,21.961,0.566,-7.632,23.072,0.193,-7.167,1.111,-0.373,0.465,1.261,0.345,0.024,-0.003,-0.000,-0.000,-0.000,-0.345,-0.024,0.003,0.345,True,True,0.70711,0.00000,-0.00000,0.70711,-0.00048,-0.16731,0.01906,-0.98572,-1.92530,-0.07238,0.16332
8.345,0,23.254,21.916,0.567,-7.755,22.728,0.191,-7.629,0.812,-0.376,0.126,0.904,0.386,0.030,-0.026,,,,,,,,True,True,0.70711,0.00000,-0.00000,0.70711,-0.00046,-0.17006,0.01895,-0.98525,1.90793,0.09289,0.13991
8.386,0,23.218,21.528,0.565,-8.677,22.450,0.184,-8.374,0.922,-0.382,0.303,1.043,0.606,0.066,-0.278,-0.000,-0.000,-0.000,-0.606,-0.066,0.278,0.670,True,True,0.70711,0.00000,-0.00000,0.70711,-0.00038,-0.19114,0.01750,-0.98141,1.91639,0.06524,0.12139
8.407,0,23.218,21.528,0.565,-8.677,22.672,0.172,-8.936,1.144,-0.393,-0.259,1.237,0.606,0.066,-0.278,,,,,,,,True,True,0.70711,0.00000,-0.00000,0.70711,-0.00038,-0.19114,0.01750,-0.98141,1.96287,0.02895,0.16145
8.448,0,23.166,21.328,0.547,-9.027,22.367,0.170,-9.385,1.039,-0.377,-0.358,1.162,0.827,0.099,-0.550,-0.000,-0.000,-0.000,-0.827,-0.099,0.550,0.998,True,True,0.70711,0.00000,-0.00000,0.70711,-0.00035,-0.19970,0.01550,-0.97973,1.91807,0.06184,0.10017
8.490,0,23.159,21.307,0.548,-9.058,20.414,0.176,-9.161,-0.893,-0.372,-0.103,0.973,0.962,0.116,-0.686,-0.000,-0.000,-0.000,-0.962,-0.116,0.686,1.187,True,True,0.70711,0.00000,-0.00000,0.70711,-0.00038,-0.20051,0.01543,-0.97957,-2.19319,0.26504,-0.42654
8.511,0,23.085,21.233,0.525,-9.046,21.312,0.200,-9.593,0.079,-0.326,-0.547,0.641,1.092,0.128,-0.782,-0.000,-0.000,-0.000,-1.092,-0.128,0.782,1.349,True,True,0.70711,0.00000,-0.00000,0.70711,-0.00046,-0.20120,0.01333,-0.97946,2.01886,0.05771,0.07281
8.552,0,23.076,21.229,0.524,-9.031,22.319,0.191,-10.094,1.090,-0.333,-1.064,1.559,1.232,0.140,-0.864,-0.000,-0.000,-0.000,-1.232,-0.140,0.864,1.511,True,True,0.70711,0.00000,-0.00000,0.70711,-0.00048,-0.20098,0.01314,-0.97951,2.04508,-0.04618,0.02454
8.573,0,23.076,21.229,0.524,-9.031,22.534,0.210,-10.260,1.306,-0.314,-1.230,1.821,1.232,0.140,-0.864,0.820,-1.570,3.970,-0.412,-1.710,4.834,5.144,True,True,0.70711,0.00000,-0.00000,0.70711,-0.00048,-0.20098,0.01314,-0.97951,-1.76567,0.02882,0.17989
8.614,0,22.974,21.218,0.515,-8.794,22.434,0.212,-9.949,1.215,-0.303,-1.155,1.704,1.461,0.158,-0.979,-0.000,-0.000,-0.000,-1.461,-0.158,0.979,1.766,True,True,0.70711,0.00000,-0.00000,0.70711,-0.00076,-0.19686,0.01206,-0.98036,1.82018,0.00245,-0.01225
8.635,0,22.886,21.205,0.506,-8.596,21.360,0.186,-10.275,0.156,-0.320,-1.679,1.716,1.569,0.165,-1.028,-0.000,-0.000,-0.000,-1.569,-0.165,1.028,1.883,True,True,0.70711,0.00000,-0.00000,0.70711,-0.00093,-0.19341,0.01130,-0.98105,-1.85999,-0.03508,0.06986
8.697,0,22.873,21.206,0.503,-8.558,20.685,0.111,-9.797,-0.521,-0.392,-1.239,1.400,1.638,0.170,-1.060,,,,,,,,True,True,0.70711,0.00000,-0.00000,0.70711,-0.00094,-0.19269,0.01113,-0.98120,-2.62789,0.00375,-0.07983
8.739,0,22.737,21.235,0.482,-8.112,19.827,0.034,-9.116,-1.409,-0.448,-1.003,1.787,1.917,0.187,-1.149,-0.000,-0.000,-0.000,-1.917,-0.187,1.149,2.243,True,True,0.70711,0.00000,-0.00000,0.70711,-0.00104,-0.18406,0.00996,-0.98286,-2.67834,0.00350,-0.05546
8.759,0,22.679,21.221,0.479,-7.987,20.975,0.127,-9.363,-0.246,-0.352,-1.376,1.441,2.010,0.193,-1.181,-0.000,-0.000,-0.000,-2.010,-0.193,1.181,2.339,True,True,0.70711,0.00000,-0.00000,0.70711,-0.00113,-0.18184,0.00982,-0.98328,3.16306,-0.00751,-0.36523
8.780,0,22.618,21.219,0.468,-7.818,21.486,0.169,-9.384,0.267,-0.299,-1.566,1.616,2.103,0.198,-1.201,-0.000,-0.000,-0.000,-2.103,-0.198,1.201,2.430,True,True,0.70711,0.00000,-0.00000,0.70711,-0.00113,-0.17865,0.00923,-0.98387,-2.91739,0.04494,-0.21731
8.800,0,22.555,21.230,0.453,-7.603,21.602,0.178,-9.327,0.372,-0.275,-1.724,1.785,2.195,0.201,-1.212,-0.110,0.080,-4.640,-2.305,-0.121,-3.428,4.132,True,True,0.70711,0.00000,-0.00000,0.70711,-0.00109,-0.17438,0.00843,-0.98464,-2.91754,0.02916,-0.15293
8.842,0,22.423,21.229,0.430,-7.205,21.246,0.183,-8.926,0.016,-0.247,-1.721,1.739,2.315,0.205,-1.211,-0.000,-0.000,-0.000,-2.315,-0.205,1.211,2.620,True,True,0.70711,0.00000,-0.00000,0.70711,-0.00104,-0.16659,0.00737,-0.98600,2.86238,-0.00688,0.00205
8.884,0,22.405,21.227,0.427,-7.156,21.586,0.185,-8.854,0.360,-0.242,-1.698,1.752,2.441,0.211,-1.245,,,,,,,,True,True,0.70711,0.00000,-0.00000,0.70711,-0.00104,-0.16566,0.00727,-0.98616,3.22066,-0.01411,-0.20023
8.904,0,22.405,21.227,0.427,-7.156,21.971,0.186,-8.791,0.745,-0.241,-1.635,1.813,2.441,0.211,-1.245,-4.330,-0.010,0.470,-6.771,-0.221,1.715,6.988,True,True,0.70711,0.00000,-0.00000,0.70711,-0.00104,-0.16566,0.00727,-0.98616,3.01957,-0.02043,-0.18082
8.946,0,22.142,21.160,0.396,-6.509,21.849,0.188,-8.423,0.689,-0.207,-1.915,2.045,2.634,0.218,-1.236,-0.000,-0.000,-0.000,-2.634,-0.218,1.236,2.917,True,True,0.70711,0.00000,-0.00000,0.70711,0.00102,0.15328,-0.00630,0.98816,3.13670,-0.01827,-0.43719
8.987,0,22.122,21.152,0.393,-6.467,21.520,0.213,-7.938,0.368,-0.181,-1.471,1.527,2.739,0.223,-1.260,-0.000,-0.000,-0.000,-2.739,-0.223,1.260,3.023,True,True,0.70711,0.00000,-0.00000,0.70711,0.00101,0.15251,-0.00623,0.98828,-2.72280,-0.10201,-0.53270
9.008,0,21.998,21.106,0.378,-6.190,20.471,0.241,-7.447,-0.635,-0.138,-1.257,1.415,2.821,0.225,-1.247,-0.000,-0.000,-0.000,-2.821,-0.225,1.247,3.093,True,True,0.70711,0.00000,-0.00000,0.70711,0.00097,0.14722,-0.00577,0.98909,2.71096,0.00086,-0.08646
9.090,0,21.814,21.026,0.351,-5.800,22.001,0.144,-6.633,0.975,-0.207,-0.833,1.299,3.014,0.230,-1.242,-0.000,-0.000,-0.000,-3.014,-0.230,1.242,3.268,True,True,0.70711,0.00000,-0.00000,0.70711,0.00084,0.13978,-0.00464,0.99017,1.90363,0.07327,0.25659
9.110,0,21.814,21.026,0.351,-5.800,21.958,0.134,-6.622,0.932,-0.217,-0.822,1.262,3.014,0.230,-1.242,-0.000,-0.000,-0.000,-3.014,-0.230,1.242,3.268,True,True,0.70711,0.00000,-0.00000,0.70711,0.00084,0.13978,-0.00464,0.99017,1.97281,0.05209,0.24561
9.152,0,21.592,20.906,0.326,-5.390,19.868,0.008,-6.281,-1.038,-0.318,-0.891,1.404,3.145,0.232,-1.220,-0.000,-0.000,-0.000,-3.145,-0.232,1.220,3.382,True,True,0.70711,0.00000,-0.00000,0.70711,0.00074,0.13204,-0.00394,0.99124,2.54654,-0.15951,0.96636
9.172,0,21.409,20.792,0.305,-5.094,19.567,0.024,-6.210,-1.225,-0.281,-1.116,1.681,3.226,0.233,-1.200,-0.000,-0.000,-0.000,-3.226,-0.233,1.200,3.450,True,True,0.70711,0.00000,-0.00000,0.70711,0.00065,0.12657,-0.00328,0.99195,-2.85214,0.18290,0.97815
9.214,0,21.385,20.777,0.302,-5.056,19.908,0.068,-6.184,-0.868,-0.234,-1.128,1.443,3.309,0.235,-1.206,,,,,,,,True,True,0.70711,0.00000,-0.00000,0.70711,0.00063,0.12585,-0.00315,0.99204,3.29918,-0.07409,-0.25657
9.256,0,21.235,20.678,0.285,-4.820,19.471,0.126,-5.875,-1.207,-0.159,-1.055,1.611,3.368,0.235,-1.184,-0.000,-0.000,-0.000,-3.368,-0.235,1.184,3.577,True,True,0.70711,0.00000,-0.00000,0.70711,0.00054,0.12142,-0.00259,0.99260,2.54664,-0.10913,-0.29326
9.277,0,21.143,20.614,0.276,-4.689,19.486,0.118,-5.700,-1.129,-0.157,-1.011,1.524,3.418,0.236,-1.175,-0.000,-0.000,-0.000,-3.418,-0.236,1.175,3.622,True,True,0.70711,0.00000,-0.00000,0.70711,0.00050,0.11899,-0.00233,0.99289,2.56710,-0.11310,-0.28443
9.319,0,21.025,20.529,0.264,-4.534,20.092,0.134,-5.711,-0.437,-0.130,-1.176,1.262,3.505,0.236,-1.167,-0.000,-0.000,-0.000,-3.505,-0.236,1.167,3.701,True,True,0.70711,0.00000,-0.00000,0.70711,0.00045,0.11618,-0.00201,0.99323,2.87947,-0.08033,-0.28772
9.360,0,20.871,20.415,0.246,-4.335,19.506,0.086,-5.550,-0.908,-0.160,-1.215,1.525,3.579,0.235,-1.149,,,,,,,,True,True,0.70711,0.00000,-0.00000,0.70711,0.00034,0.11251,-0.00125,0.99365,2.38860,0.08557,0.13609
9.401,0,20.713,20.294,0.232,-4.142,19.618,0.078,-5.358,-0.676,-0.154,-1.216,1.400,3.631,0.235,-1.129,-0.000,-0.000,-0.000,-3.631,-0.235,1.129,3.809,True,True,0.70711,0.00000,-0.00000,0.70711,0.00028,0.10897,-0.00089,0.99404,2.72993,-0.02771,0.07889
9.422,0,20.599,20.203,0.221,-4.010,20.020,0.088,-5.298,-0.183,-0.132,-1.288,1.307,3.675,0.234,-1.116,-0.000,-0.000,-0.000,-3.675,-0.234,1.116,3.848,True,True,0.70711,0.00000,-0.00000,0.70711,0.00022,0.10657,-0.00042,0.99431,2.70235,-0.02352,0.03327
9.443,0,20.599,20.203,0.221,-4.010,19.943,0.093,-5.195,-0.260,-0.128,-1.184,1.219,3.675,0.234,-1.116,12.590,-0.160,-6.750,8.915,-0.394,-5.634,10.554,True,True,0.70711,0.00000,-0.00000,0.70711,0.00022,0.10657,-0.00042,0.99431,3.35881,-0.03762,-0.27928
9.484,0,20.292,19.954,0.191,-3.688,19.817,0.068,-5.002,-0.137,-0.124,-1.314,1.327,3.766,0.230,-1.079,-0.000,-0.000,-0.000,-3.766,-0.230,1.079,3.924,True,True,0.70711,0.00000,-0.00000,0.70711,0.00005,0.10073,0.00078,0.99491,3.15054,-0.08747,-0.43713
9.525,0,20.265,19.930,0.190,-3.664,20.023,0.119,-4.918,0.093,-0.070,-1.254,1.259,3.819,0.229,-1.077,-0.000,-0.000,-0.000,-3.819,-0.229,1.077,3.974,True,True,0.70711,0.00000,-0.00000,0.70711,0.00004,0.10033,0.00080,0.99495,2.79951,-0.01139,0.05086
9.546,0,20.098,19.788,0.177,-3.509,19.827,0.104,-4.784,0.038,-0.073,-1.275,1.278,3.855,0.228,-1.057,-0.000,-0.000,-0.000,-3.855,-0.228,1.057,4.004,True,True,0.70711,0.00000,-0.00000,0.70711,0.00000,0.09757,0.00105,0.99523,3.30971,-0.05317,-0.23448
9.566,0,19.996,19.701,0.170,-3.417,19.732,0.079,-4.713,0.031,-0.091,-1.296,1.300,3.887,0.227,-1.047,3.830,1.660,-3.060,-0.057,1.433,-2.013,2.472,True,True,0.70711,0.00000,-0.00000,0.70711,-0.00003,0.09593,0.00122,0.99539,2.66556,-0.02718,-0.08953
9.629,0,19.866,19.588,0.159,-3.303,19.957,0.122,-4.597,0.368,-0.038,-1.294,1.346,3.940,0.224,-1.032,-0.000,-0.000,-0.000,-3.940,-0.224,1.032,4.079,True,True,0.70711,0.00000,-0.00000,0.70711,-0.00008,0.09390,0.00168,0.99558,2.78796,0.01533,-0.11170
9.649,0,19.702,19.445,0.146,-3.172,20.040,0.151,-4.568,0.596,0.005,-1.396,1.517,3.972,0.221,-1.015,-0.000,-0.000,-0.000,-3.972,-0.221,1.015,4.106,True,True,0.70711,0.00000,-0.00000,0.70711,-0.00015,0.09160,0.00229,0.99579,2.80648,-0.02421,-0.44912
9.670,0,19.595,19.349,0.139,-3.091,19.803,0.137,-4.449,0.454,-0.002,-1.358,1.432,4.000,0.220,-1.005,-0.000,-0.000,-0.000,-4.000,-0.220,1.005,4.130,True,True,0.70711,0.00000,-0.00000,0.70711,-0.00017,0.09020,0.00241,0.99592,2.78974,0.04014,-0.44714
9.732,0,19.463,19.231,0.130,-2.993,19.518,0.126,-4.255,0.287,-0.004,-1.262,1.294,4.046,0.217,-0.991,-0.000,-0.000,-0.000,-4.046,-0.217,0.991,4.171,True,True,0.70711,0.00000,-0.00000,0.70711,-0.00020,0.08849,0.00266,0.99607,2.79407,-0.01092,-0.17620
9.753,0,19.291,19.075,0.118,-2.874,19.659,0.119,-4.233,0.584,0.001,-1.358,1.479,4.074,0.214,-0.974,-0.000,-0.000,-0.000,-4.074,-0.214,0.974,4.195,True,True,0.70711,0.00000,-0.00000,0.70711,-0.00026,0.08647,0.00322,0.99625,2.92258,0.02266,-0.20016
9.773,0,19.071,18.872,0.105,-2.746,19.336,0.121,-4.101,0.464,0.016,-1.356,1.433,4.105,0.211,-0.957,-0.000,-0.000,-0.000,-4.105,-0.211,0.957,4.220,True,True,0.70711,0.00000,-0.00000,0.70711,0.00030,-0.08441,-0.00348,-0.99642,2.72180,0.01858,-0.02453
9.814,0,19.042,18.846,0.103,-2.727,19.241,0.128,-4.024,0.396,0.025,-1.297,1.356,4.137,0.208,-0.953,1.670,-0.500,-3.590,-2.467,-0.708,-2.637,3.680,True,True,0.70711,0.00000,-0.00000,0.70711,0.00031,-0.08410,-0.00356,-0.99645,2.71773,0.02084,-0.17469
9.856,0,18.868,18.685,0.093,-2.618,19.004,0.136,-3.904,0.318,0.043,-1.286,1.325,4.161,0.205,-0.937,-0.000,-0.000,-0.000,-4.161,-0.205,0.937,4.270,True,True,0.70711,0.00000,-0.00000,0.70711,0.00033,-0.08224,-0.00381,-0.99661,2.72385,0.00539,-0.21896
9.877,0,18.757,18.582,0.088,-2.555,18.931,0.132,-3.828,0.349,0.045,-1.273,1.321,4.181,0.203,-0.929,-0.000,-0.000,-0.000,-4.181,-0.203,0.929,4.288,True,True,0.70711,0.00000,-0.00000,0.70711,0.00034,-0.08120,-0.00382,-0.99669,2.81493,0.00615,-0.14403
9.918,0,18.650,18.483,0.082,-2.494,18.753,0.105,-3.717,0.270,0.023,-1.223,1.253,4.187,0.203,-0.920,-0.000,-0.000,-0.000,-4.187,-0.203,0.920,4.292,True,True,0.70711,0.00000,-0.00000,0.70711,0.00035,-0.08019,-0.00398,-0.99677,2.75988,0.01412,-0.35485
9.938,0,18.443,18.288,0.070,-2.385,18.707,0.097,-3.687,0.419,0.028,-1.303,1.369,4.223,0.198,-0.903,0.430,0.090,-0.390,-3.793,-0.108,0.513,3.829,True,True,0.70711,0.00000,-0.00000,0.70711,0.00040,-0.07841,-0.00455,-0.99691,2.84018,0.01911,-0.36958
9.980,0,18.222,18.078,0.059,-2.285,18.510,0.097,-3.570,0.432,0.038,-1.285,1.356,4.257,0.192,-0.887,-0.000,-0.000,-0.000,-4.257,-0.192,0.887,4.353,True,True,0.70711,0.00000,-0.00000,0.70711,0.00042,-0.07694,-0.00478,-0.99702,2.74013,-0.00283,-0.31325
10.021,0,18.192,18.049,0.057,-2.271,18.251,0.089,-3.467,0.201,0.032,-1.195,1.213,4.282,0.188,-0.883,-0.000,-0.000,-0.000,-4.282,-0.188,0.883,4.376,True,True,0.70711,0.00000,-0.00000,0.70711,0.00043,-0.07672,-0.00483,-0.99704,2.70633,0.00591,-0.17014
10.041,0,18.192,18.049,0.057,-2.271,18.167,0.087,-3.435,0.118,0.030,-1.163,1.170,4.282,0.188,-0.883,1.910,0.010,-0.640,-2.372,-0.178,0.243,2.391,True,True,0.70711,0.00000,-0.00000,0.70711,0.00043,-0.07672,-0.00483,-0.99704,2.75193,0.00335,-0.17354
10.083,0,17.779,17.656,0.040,-2.084,18.143,0.072,-3.373,0.487,0.032,-1.289,1.378,4.319,0.182,-0.856,-0.000,-0.000,-0.000,-4.319,-0.182,0.856,4.407,True,True,0.70711,0.00000,-0.00000,0.70711,0.00044,-0.07379,-0.00493,-0.99726,2.72430,0.01704,-0.28576
10.124,0,17.748,17.627,0.038,-2.072,17.873,0.075,-3.273,0.247,0.037,-1.201,1.227,4.339,0.178,-0.852,-0.000,-0.000,-0.000,-4.339,-0.178,0.852,4.425,True,True,0.70711,0.00000,-0.00000,0.70711,0.00044,-0.07361,-0.00496,-0.99727,2.74966,0.01198,-0.09199
10.145,0,17.568,17.454,0.030,-1.998,17.772,0.071,-3.215,0.319,0.041,-1.217,1.259,4.354,0.175,-0.841,-0.000,-0.000,-0.000,-4.354,-0.175,0.841,4.438,True,True,0.70711,0.00000,-0.00000,0.70711,0.00045,-0.07250,-0.00520,-0.99735,2.93210,0.02495,-0.23213
10.165,0,17.568,17.454,0.030,-1.998,17.739,0.071,-3.188,0.285,0.041,-1.190,1.225,4.354,0.175,-0.841,0.810,-0.090,-1.050,-3.544,-0.265,-0.209,3.560,True,True,0.70711,0.00000,-0.00000,0.70711,0.00045,-0.07250,-0.00520,-0.99735,2.82455,0.01339,-0.25869
10.228,0,17.311,17.207,0.020,-1.898,17.627,0.059,-3.124,0.420,0.039,-1.227,1.297,4.388,0.167,-0.823,-0.000,-0.000,-0.000,-4.388,-0.167,0.823,4.467,True,True,0.70711,0.00000,-0.00000,0.70711,0.00046,-0.07100,-0.00541,-0.99746,3.02171,0.01244,-0.31440
10.248,0,17.126,17.028,0.011,-1.831,17.349,0.032,-3.038,0.321,0.020,-1.207,1.249,4.400,0.163,-0.812,-0.000,-0.000,-0.000,-4.400,-0.163,0.812,4.478,True,True,0.70711,0.00000,-0.00000,0.70711,0.00050,-0.07004,-0.00592,-0.99753,2.74818,-0.01178,-0.30557
10.269,0,17.010,16.915,0.007,-1.791,17.207,0.045,-2.998,0.291,0.038,-1.207,1.242,4.411,0.160,-0.806,6.010,-1.430,-1.530,1.599,-1.590,-0.724,2.369,True,True,0.70711,0.00000,-0.00000,0.70711,0.00050,-0.06949,-0.00596,-0.99756,2.72491,-0.00238,-0.30435
10.333,0,16.866,16.776,0.002,-1.742,15.550,-0.078,-2.752,-1.226,-0.080,-1.011,1.591,4.429,0.155,-0.797,-0.000,-0.000,-0.000,-4.429,-0.155,0.797,4.503,True,True,0.70711,0.00000,-0.00000,0.70711,0.00050,-0.06880,-0.00598,-0.99761,2.25217,0.08965,0.08896
10.354,0,16.681,16.596,-0.005,-1.682,15.897,-0.044,-2.736,-0.699,-0.039,-1.054,1.265,4.440,0.151,-0.787,-0.000,-0.000,-0.000,-4.440,-0.151,0.787,4.512,True,True,0.70711,0.00000,-0.00000,0.70711,0.00051,-0.06800,-0.00629,-0.99767,2.54041,0.01556,0.15289
10.374,0,16.446,16.366,-0.013,-1.614,16.065,-0.036,-2.724,-0.301,-0.023,-1.111,1.151,4.452,0.147,-0.777,-0.000,-0.000,-0.000,-4.452,-0.147,0.777,4.522,True,True,0.70711,0.00000,-0.00000,0.70711,0.00051,-0.06717,-0.00637,-0.99772,2.59611,-0.01155,-0.01520
10.416,0,16.414,16.336,-0.014,-1.604,15.426,-0.035,-2.557,-0.909,-0.021,-0.953,1.318,4.455,0.146,-0.776,,,,,,,,True,True,0.70711,0.00000,-0.00000,0.70711,0.00051,-0.06705,-0.00639,-0.99773,-2.44375,0.08085,-0.30090
10.458,0,16.218,16.144,-0.020,-1.546,14.583,-0.053,-2.338,-1.561,-0.033,-0.792,1.751,4.475,0.138,-0.764,-0.000,-0.000,-0.000,-4.475,-0.138,0.764,4.542,True,True,0.70711,0.00000,-0.00000,0.70711,0.00051,-0.06628,-0.00645,-0.99778,-2.45015,0.07435,-0.28432
10.479,0,15.981,15.912,-0.027,-1.483,15.080,-0.021,-2.317,-0.832,0.006,-0.834,1.179,4.485,0.134,-0.756,-0.000,-0.000,-0.000,-4.485,-0.134,0.756,4.551,True,True,0.70711,0.00000,-0.00000,0.70711,0.00051,-0.06555,-0.00645,-0.99783,-2.61171,0.18554,-0.31717
10.520,0,15.950,15.881,-0.028,-1.474,14.859,-0.023,-2.289,-1.023,0.005,-0.815,1.308,4.497,0.129,-0.752,,,,,,,,True,True,0.70711,0.00000,-0.00000,0.70711,0.00050,-0.06544,-0.00645,-0.99784,2.19991,-0.20926,-0.36920
10.561,0,15.753,15.689,-0.033,-1.421,14.678,-0.028,-2.270,-1.011,0.005,-0.849,1.320,4.505,0.126,-0.744,-0.000,-0.000,-0.000,-4.505,-0.126,0.744,4.568,True,True,0.70711,0.00000,-0.00000,0.70711,0.00050,-0.06478,-0.00648,-0.99788,2.20551,-0.21056,-0.36150
10.582,0,15.629,15.567,-0.036,-1.389,14.926,-0.042,-2.405,-0.641,-0.006,-1.016,1.201,4.512,0.123,-0.739,-0.000,-0.000,-0.000,-4.512,-0.123,0.739,4.574,True,True,0.70711,0.00000,-0.00000,0.70711,0.00049,-0.06442,-0.00638,-0.99790,2.77207,-0.08453,-0.40317
10.603,0,15.390,15.332,-0.042,-1.329,14.892,-0.087,-2.425,-0.440,-0.045,-1.096,1.182,4.521,0.119,-0.730,6.720,3.100,-0.820,2.199,2.981,-0.090,3.706,True,True,0.70711,0.00000,-0.00000,0.70711,0.00049,-0.06372,-0.00645,-0.99795,3.44758,0.02294,-0.15015
10.665,0,15.358,15.301,-0.043,-1.321,15.085,-0.089,-2.437,-0.216,-0.046,-1.116,1.138,4.530,0.113,-0.726,-0.000,-0.000,-0.000,-4.530,-0.113,0.726,4.589,True,True,0.70711,0.00000,-0.00000,0.70711,0.00049,-0.06363,-0.00646,-0.99795,2.65557,-0.01174,0.30900
10.686,0,15.163,15.109,-0.048,-1.275,15.122,-0.059,-2.427,0.013,-0.011,-1.151,1.152,4.536,0.110,-0.720,-0.000,-0.000,-0.000,-4.536,-0.110,0.720,4.595,True,True,0.70711,0.00000,-0.00000,0.70711,0.00049,-0.06314,-0.00650,-0.99798,2.73452,-0.05060,-0.23696
10.707,0,15.163,15.109,-0.048,-1.275,14.914,-0.067,-2.359,-0.195,-0.019,-1.084,1.102,4.536,0.110,-0.720,,,,,,,,True,True,0.70711,0.00000,-0.00000,0.70711,0.00049,-0.06314,-0.00650,-0.99798,2.94551,-0.02824,-0.66818
10.749,0,14.782,14.734,-0.056,-1.191,14.417,-0.080,-2.306,-0.317,-0.024,-1.116,1.160,4.550,0.102,-0.708,-0.000,-0.000,-0.000,-4.550,-0.102,0.708,4.605,True,True,0.70711,0.00000,-0.00000,0.70711,0.00047,-0.06229,-0.00644,-0.99804,2.81378,-0.07907,-0.23550
10.791,0,14.782,14.734,-0.056,-1.191,14.257,-0.063,-2.264,-0.477,-0.007,-1.073,1.175,4.550,0.102,-0.708,-0.000,-0.000,-0.000,-4.550,-0.102,0.708,4.605,True,True,0.70711,0.00000,-0.00000,0.70711,0.00047,-0.06229,-0.00644,-0.99804,2.67546,-0.05937,-0.53761
10.833,0,14.534,14.489,-0.061,-1.138,14.178,-0.066,-2.255,-0.312,-0.004,-1.117,1.160,4.564,0.092,-0.697,-0.000,-0.000,-0.000,-4.564,-0.092,0.697,4.618,True,True,0.70711,0.00000,-0.00000,0.70711,0.00047,-0.06180,-0.00648,-0.99807,2.72222,-0.06723,-0.49951
10.853,0,14.534,14.489,-0.061,-1.138,14.145,-0.059,-2.245,-0.344,0.002,-1.106,1.159,4.564,0.092,-0.697,1.130,-0.510,-0.640,-3.434,-0.602,0.057,3.487,True,True,0.70711,0.00000,-0.00000,0.70711,0.00047,-0.06180,-0.00648,-0.99807,2.64812,-0.05787,-0.42869
10.895,0,14.226,14.185,-0.067,-1.078,13.881,-0.059,-2.141,-0.304,0.008,-1.063,1.106,4.576,0.084,-0.688,-0.000,-0.000,-0.000,-4.576,-0.084,0.688,4.628,True,True,0.70711,0.00000,-0.00000,0.70711,0.00046,-0.06131,-0.00652,-0.99810,2.68624,-0.03139,-0.54748
10.937,0,14.060,14.021,-0.070,-1.044,13.354,-0.047,-2.042,-0.668,0.023,-0.998,1.201,4.581,0.079,-0.683,-0.000,-0.000,-0.000,-4.581,-0.079,0.683,4.633,True,True,0.70711,0.00000,-0.00000,0.70711,0.00045,-0.06099,-0.00645,-0.99812,2.55291,-0.05687,-0.57589
10.978,0,13.885,13.848,-0.073,-1.010,12.868,0.021,-2.101,-0.980,0.094,-1.091,1.470,4.587,0.075,-0.678,-0.000,-0.000,-0.000,-4.587,-0.075,0.678,4.637,True,True,0.70711,0.00000,-0.00000,0.70711,0.00044,-0.06070,-0.00639,-0.99814,2.57258,0.02420,-0.84986
11.019,0,13.712,13.676,-0.075,-0.977,12.832,-0.023,-2.048,-0.844,0.052,-1.071,1.365,4.592,0.070,-0.673,-0.000,-0.000,-0.000,-4.592,-0.070,0.673,4.642,True,True,0.70711,0.00000,-0.00000,0.70711,0.00043,-0.06043,-0.00631,-0.99815,2.80470,-0.03364,-0.54184
11.083,0,13.526,13.492,-0.078,-0.943,12.886,-0.033,-2.050,-0.607,0.045,-1.107,1.263,4.600,0.062,-0.667,-0.000,-0.000,-0.000,-4.600,-0.062,0.667,4.649,True,True,0.70711,0.00000,-0.00000,0.70711,0.00042,-0.06016,-0.00621,-0.99817,2.68277,-0.03710,-0.50857
11.104,0,13.235,13.204,-0.081,-0.891,12.825,-0.051,-1.995,-0.379,0.030,-1.104,1.167,4.604,0.059,-0.662,2.740,0.630,-2.090,-1.864,0.571,-1.428,2.417,True,True,0.70711,0.00000,-0.00000,0.70711,0.00041,-0.05979,-0.00617,-0.99819,2.61657,-0.08150,-0.53218
11.146,0,13.082,13.053,-0.083,-0.865,12.594,-0.097,-1.931,-0.459,-0.014,-1.066,1.161,4.608,0.056,-0.658,-0.000,-0.000,-0.000,-4.608,-0.056,0.658,4.655,True,True,0.70711,0.00000,-0.00000,0.70711,0.00040,-0.05961,-0.00598,-0.99820,2.80888,-0.03353,-0.54261
11.166,0,12.949,12.921,-0.084,-0.841,12.228,-0.082,-1.895,-0.693,0.002,-1.053,1.261,4.611,0.053,-0.655,-0.000,-0.000,-0.000,-4.611,-0.053,0.655,4.657,True,True,0.70711,0.00000,-0.00000,0.70711,0.00039,-0.05944,-0.00590,-0.99821,2.70278,-0.02184,-0.63010
11.187,0,12.819,12.792,-0.086,-0.819,12.227,-0.091,-1.888,-0.566,-0.006,-1.070,1.210,4.613,0.049,-0.652,-6.050,0.960,0.160,-10.663,0.911,0.812,10.733,True,True,0.70711,0.00000,-0.00000,0.70711,0.00039,-0.05929,-0.00594,-0.99822,2.71526,-0.03549,-0.48321
11.208,0,12.696,12.671,-0.087,-0.798,12.259,-0.101,-1.876,-0.412,-0.014,-1.077,1.154,4.616,0.046,-0.649,-2.520,0.030,-0.530,-7.136,-0.016,0.119,7.137,True,True,0.70711,0.00000,-0.00000,0.70711,0.00039,-0.05916,-0.00590,-0.99823,2.67309,-0.06794,-0.49755
11.250,0,12.572,12.547,-0.088,-0.778,12.214,-0.103,-1.853,-0.334,-0.015,-1.075,1.126,4.619,0.043,-0.646,-0.000,-0.000,-0.000,-4.619,-0.043,0.646,4.664,True,True,0.70711,0.00000,-0.00000,0.70711,0.00038,-0.05902,-0.00582,-0.99824,2.77764,-0.04042,-0.48033
11.271,0,12.572,12.547,-0.088,-0.778,11.987,-0.090,-1.843,-0.560,-0.002,-1.066,1.204,4.619,0.043,-0.646,,,,,,,,True,True,0.70711,0.00000,-0.00000,0.70711,0.00038,-0.05902,-0.00582,-0.99824,2.77176,-0.03329,-0.49648
11.353,0,12.267,12.245,-0.090,-0.728,11.965,-0.128,-1.711,-0.280,-0.038,-0.983,1.023,4.627,0.033,-0.637,-0.000,-0.000,-0.000,-4.627,-0.033,0.637,4.670,True,True,0.70711,0.00000,-0.00000,0.70711,0.00037,-0.05874,-0.00564,-0.99826,2.26509,-0.20579,-0.36164
11.374,0,11.989,11.969,-0.092,-0.685,11.942,-0.134,-1.675,-0.027,-0.042,-0.990,0.991,4.629,0.030,-0.633,-0.000,-0.000,-0.000,-4.629,-0.030,0.633,4.672,True,True,0.70711,0.00000,-0.00000,0.70711,0.00036,-0.05852,-0.00560,-0.99827,2.27547,-0.18168,-0.43236
11.416,0,11.834,11.815,-0.093,-0.661,11.496,-0.088,-1.244,-0.319,0.005,-0.583,0.664,4.632,0.026,-0.630,-1.130,0.000,-3.750,-5.762,-0.026,-3.120,6.553,False,True,0.70711,0.00000,-0.00000,0.70711,0.00034,-0.05840,-0.00535,-0.99828,,,
11.459,0,11.651,11.633,-0.094,-0.633,11.206,-0.072,-1.094,-0.428,0.021,-0.461,0.629,4.635,0.023,-0.627,2.850,-0.150,-1.470,-1.785,-0.173,-0.843,1.981,False,True,0.70711,0.00000,-0.00000,0.70711,0.00033,-0.05826,-0.00524,-0.99829,,,
11.480,0,11.492,11.476,-0.094,-0.609,10.930,-0.067,-1.038,-0.546,0.027,-0.429,0.695,4.637,0.020,-0.625,2.710,-0.050,-0.550,-1.927,-0.070,0.075,1.929,False,True,0.70711,0.00000,-0.00000,0.70711,0.00033,-0.05815,-0.00517,-0.99829,,,
11.522,0,11.353,11.338,-0.095,-0.589,10.888,-0.067,-1.021,-0.449,0.028,-0.433,0.624,4.639,0.016,-0.622,1.250,-0.020,-0.500,-3.389,-0.036,0.122,3.392,False,True,0.70711,0.00000,-0.00000,0.70711,0.00032,-0.05806,-0.00503,-0.99830,,,
11.585,0,11.130,11.116,-0.095,-0.556,9.604,-0.260,-1.357,-1.512,-0.165,-0.801,1.719,4.642,0.011,-0.618,-0.000,-0.000,-0.000,-4.642,-0.011,0.618,4.683,True,True,0.70711,0.00000,-0.00000,0.70711,0.00031,-0.05792,-0.00500,-0.99831,3.02025,0.11890,-0.78617
11.627,0,10.908,10.895,-0.096,-0.524,9.480,-0.249,-1.321,-1.415,-0.153,-0.798,1.632,4.645,0.007,-0.615,-0.000,-0.000,-0.000,-4.645,-0.007,0.615,4.685,True,True,0.70711,0.00000,-0.00000,0.70711,0.00031,-0.05780,-0.00494,-0.99832,3.02163,0.09890,-0.81738
11.668,0,10.908,10.895,-0.096,-0.524,9.466,-0.216,-1.310,-1.429,-0.120,-0.787,1.636,4.645,0.007,-0.615,-1.040,-2.280,-0.220,-5.685,-2.287,0.395,6.140,True,True,0.70711,0.00000,-0.00000,0.70711,0.00031,-0.05780,-0.00494,-0.99832,2.91327,0.07612,-0.84943
11.730,0,10.453,10.443,-0.096,-0.459,9.379,-0.173,-1.284,-1.064,-0.077,-0.825,1.348,4.650,-0.001,-0.608,-0.000,-0.000,-0.000,-4.650,0.001,0.608,4.689,True,True,0.70711,0.00000,-0.00000,0.70711,0.00028,-0.05756,-0.00459,-0.99833,2.94305,0.07319,-0.82509
11.771,0,10.237,10.228,-0.096,-0.429,9.245,-0.170,-1.268,-0.983,-0.074,-0.839,1.294,4.652,-0.005,-0.605,-0.000,-0.000,-0.000,-4.652,0.005,0.605,4.691,True,True,0.70711,0.00000,-0.00000,0.70711,0.00026,-0.05747,-0.00432,-0.99834,2.92559,0.04480,-0.84079
11.813,0,10.004,9.996,-0.095,-0.397,9.155,-0.174,-1.259,-0.841,-0.079,-0.862,1.207,4.654,-0.009,-0.602,2.270,0.200,-0.200,-2.384,0.209,0.402,2.426,True,True,0.70711,0.00000,-0.00000,0.70711,0.00026,-0.05737,-0.00424,-0.99834,2.93490,0.05060,-0.85356
11.855,0,10.004,9.996,-0.095,-0.397,8.981,-0.176,-1.239,-1.014,-0.081,-0.842,1.321,4.654,-0.009,-0.602,6.500,-0.140,-0.830,1.846,-0.131,-0.228,1.865,True,True,0.70711,0.00000,-0.00000,0.70711,0.00026,-0.05737,-0.00424,-0.99834,2.92217,0.05470,-0.86316
11.917,0,9.551,9.544,-0.094,-0.335,8.765,-0.177,-1.211,-0.780,-0.083,-0.876,1.176,4.657,-0.016,-0.597,-0.000,-0.000,-0.000,-4.657,0.016,0.597,4.695,True,True,0.70711,0.00000,-0.00000,0.70711,0.00024,-0.05719,-0.00405,-0.99835,2.92767,0.03356,-0.83356
11.959,0,9.331,9.326,-0.093,-0.306,8.574,-0.182,-1.191,-0.752,-0.089,-0.886,1.166,4.659,-0.019,-0.594,-0.000,-0.000,-0.000,-4.659,0.019,0.594,4.697,True,True,0.70711,0.00000,-0.00000,0.70711,0.00022,-0.05712,-0.00371,-0.99836,2.88557,0.03507,-0.81385
12.000,0,9.098,9.093,-0.092,-0.275,8.474,-0.187,-1.183,-0.619,-0.095,-0.908,1.103,4.660,-0.022,-0.592,2.130,0.130,-0.160,-2.530,0.152,0.432,2.571,True,True,0.70711,0.00000,-0.00000,0.70711,0.00022,-0.05704,-0.00361,-0.99837,2.89183,0.03288,-0.79561
12.062,0,8.882,8.878,-0.091,-0.246,8.269,-0.188,-1.156,-0.609,-0.097,-0.910,1.099,4.662,-0.025,-0.589,-0.000,-0.000,-0.000,-4.662,0.025,0.589,4.699,True,True,0.70711,0.00000,-0.00000,0.70711,0.00021,-0.05698,-0.00352,-0.99837,2.91792,0.05026,-0.79124
12.103,0,8.665,8.662,-0.090,-0.218,8.137,-0.191,-1.139,-0.524,-0.101,-0.921,1.065,4.663,-0.028,-0.587,-0.000,-0.000,-0.000,-4.663,0.028,0.587,4.700,True,True,0.70711,0.00000,-0.00000,0.70711,0.00020,-0.05692,-0.00339,-0.99837,2.89773,0.03458,-0.76869
12.146,0,8.435,8.433,-0.088,-0.188,7.982,-0.198,-1.125,-0.450,-0.109,-0.937,1.046,4.664,-0.030,-0.585,-0.000,-0.000,-0.000,-4.664,0.030,0.585,4.701,True,True,0.70711,0.00000,-0.00000,0.70711,0.00019,-0.05686,-0.00325,-0.99838,2.88999,0.03464,-0.76624
12.166,0,8.288,8.286,-0.087,-0.169,7.817,-0.198,-1.111,-0.469,-0.111,-0.942,1.058,4.665,-0.032,-0.584,-0.000,-0.000,-0.000,-4.665,0.032,0.584,4.701,True,True,0.70711,0.00000,-0.00000,0.70711,0.00018,-0.05683,-0.00303,-0.99838,2.86233,0.04078,-0.72444
12.187,0,8.157,8.155,-0.086,-0.152,7.693,-0.196,-1.099,-0.462,-0.109,-0.947,1.059,4.665,-0.033,-0.583,-0.000,-0.000,-0.000,-4.665,0.033,0.583,4.702,True,True,0.70711,0.00000,-0.00000,0.70711,0.00017,-0.05680,-0.00287,-0.99838,2.87473,0.04004,-0.70499
12.208,0,8.034,8.032,-0.086,-0.136,7.634,-0.197,-1.091,-0.399,-0.111,-0.955,1.041,4.666,-0.034,-0.582,2.390,0.110,-0.370,-2.276,0.144,0.212,2.290,True,True,0.70711,0.00000,-0.00000,0.70711,0.00016,-0.05677,-0.00278,-0.99838,2.89944,0.02907,-0.67894
12.249,0,7.910,7.909,-0.085,-0.121,7.508,-0.201,-1.084,-0.401,-0.116,-0.964,1.050,4.666,-0.036,-0.580,-0.000,-0.000,-0.000,-4.666,0.036,0.580,4.703,True,True,0.70711,0.00000,-0.00000,0.70711,0.00015,-0.05674,-0.00263,-0.99839,2.88801,0.04228,-0.68637
12.270,0,7.910,7.909,-0.085,-0.121,7.455,-0.203,-1.079,-0.454,-0.118,-0.958,1.067,4.666,-0.036,-0.580,2.440,0.100,-0.360,-2.226,0.136,0.220,2.241,True,True,0.70711,0.00000,-0.00000,0.70711,0.00015,-0.05674,-0.00263,-0.99839,2.87319,0.04822,-0.67871
12.332,0,7.613,7.612,-0.082,-0.083,7.276,-0.202,-1.061,-0.336,-0.120,-0.978,1.041,4.668,-0.039,-0.577,-0.000,-0.000,-0.000,-4.668,0.039,0.577,4.704,True,True,0.70711,0.00000,-0.00000,0.70711,0.00014,-0.05668,-0.00232,-0.99839,2.88538,0.05368,-0.64526
12.352,0,7.400,7.400,-0.080,-0.056,7.168,-0.207,-1.047,-0.231,-0.126,-0.991,1.025,4.669,-0.040,-0.576,-0.000,-0.000,-0.000,-4.669,0.040,0.576,4.704,True,True,0.70711,0.00000,-0.00000,0.70711,0.00012,-0.05665,-0.00206,-0.99839,2.88086,0.03890,-0.65319
12.394,0,7.264,7.263,-0.079,-0.039,7.074,-0.206,-1.042,-0.189,-0.126,-1.003,1.029,4.669,-0.041,-0.575,-0.000,-0.000,-0.000,-4.669,0.041,0.575,4.705,True,True,0.70711,0.00000,-0.00000,0.70711,0.00011,-0.05663,-0.00194,-0.99839,2.88383,0.04206,-0.61280
12.415,0,7.011,7.010,-0.077,-0.007,6.974,-0.203,-1.038,-0.036,-0.126,-1.030,1.039,4.670,-0.042,-0.573,-0.000,-0.000,-0.000,-4.670,0.042,0.573,4.705,True,True,0.70711,0.00000,-0.00000,0.70711,0.00011,-0.05659,-0.00180,-0.99840,2.87908,0.06107,-0.59680
12.456,0,6.978,6.978,-0.077,-0.003,6.891,-0.122,-1.056,-0.087,-0.045,-1.053,1.058,4.670,-0.043,-0.572,-0.000,-0.000,-0.000,-4.670,0.043,0.572,4.705,True,True,0.70711,0.00000,-0.00000,0.70711,0.00011,-0.05658,-0.00180,-0.99840,2.90198,0.00967,0.01427
12.498,0,6.776,6.776,-0.075,0.022,6.859,-0.102,-1.058,0.083,-0.027,-1.079,1.083,4.671,-0.044,-0.571,1.060,-0.150,-0.230,-3.611,-0.106,0.341,3.629,True,True,0.70711,0.00000,-0.00000,0.70711,0.00010,-0.05655,-0.00175,-0.99840,2.91745,0.00600,0.02042
12.539,0,6.776,6.776,-0.075,0.022,6.739,-0.088,-1.053,-0.037,-0.013,-1.075,1.075,4.671,-0.044,-0.571,6.650,0.390,-0.440,1.979,0.434,0.131,2.030,True,True,0.70711,0.00000,-0.00000,0.70711,0.00010,-0.05655,-0.00175,-0.99840,2.89226,0.00365,0.00406
12.581,0,6.363,6.362,-0.071,0.073,6.514,-0.076,-1.032,0.152,-0.005,-1.105,1.116,4.672,-0.047,-0.568,-0.000,-0.000,-0.000,-4.672,0.047,0.568,4.707,True,True,0.70711,0.00000,-0.00000,0.70711,0.00009,-0.05650,-0.00160,-0.99840,2.90511,0.00883,0.04180
12.603,0,6.078,6.077,-0.068,0.108,6.385,-0.074,-1.017,0.308,-0.005,-1.125,1.166,4.673,-0.047,-0.567,3.420,0.020,-0.430,-1.253,0.067,0.137,1.262,True,True,0.70711,0.00000,-0.00000,0.70711,0.00007,-0.05647,-0.00124,-0.99840,2.89661,0.01382,0.03964
12.665,0,6.046,6.045,-0.068,0.112,6.062,-0.074,-0.976,0.017,-0.007,-1.088,1.088,4.673,-0.048,-0.566,-0.000,-0.000,-0.000,-4.673,0.048,0.566,4.708,True,True,0.70711,0.00000,-0.00000,0.70711,0.00007,-0.05646,-0.00120,-0.99840,2.90902,0.00657,-0.02049
12.686,0,5.837,5.835,-0.066,0.138,5.949,-0.074,-0.960,0.114,-0.008,-1.098,1.104,4.674,-0.049,-0.565,-0.000,-0.000,-0.000,-4.674,0.049,0.565,4.708,True,True,0.70711,0.00000,-0.00000,0.70711,0.00006,-0.05644,-0.00112,-0.99841,2.91443,0.01249,-0.01034
12.707,0,5.837,5.835,-0.066,0.138,5.840,-0.072,-0.945,0.004,-0.006,-1.083,1.083,4.674,-0.049,-0.565,6.320,-0.140,-0.840,1.646,-0.091,-0.275,1.672,True,True,0.70711,0.00000,-0.00000,0.70711,0.00006,-0.05644,-0.00112,-0.99841,2.91242,0.00360,0.00573
12.748,0,5.469,5.465,-0.062,0.183,5.632,-0.065,-0.912,0.166,-0.003,-1.095,1.107,4.674,-0.050,-0.563,-0.000,-0.000,-0.000,-4.674,0.050,0.563,4.708,True,True,0.70711,0.00000,-0.00000,0.70711,0.00005,-0.05641,-0.00085,-0.99841,2.92320,0.00869,0.01517
12.790,0,5.437,5.433,-0.062,0.187,5.428,-0.062,-0.887,-0.005,-0.001,-1.074,1.074,4.675,-0.050,-0.562,-0.000,-0.000,-0.000,-4.675,0.050,0.562,4.709,True,True,0.70711,0.00000,-0.00000,0.70711,0.00005,-0.05640,-0.00084,-0.99841,2.91149,0.00603,0.00829
12.810,0,5.229,5.224,-0.059,0.212,5.365,-0.062,-0.886,0.141,-0.003,-1.098,1.107,4.675,-0.050,-0.561,1.260,0.020,0.380,-3.415,0.070,0.941,3.543,True,True,0.70711,0.00000,-0.00000,0.70711,0.00004,-0.05639,-0.00076,-0.99841,2.88219,0.00841,0.01460
12.832,0,5.229,5.224,-0.059,0.212,5.220,-0.060,-0.870,-0.004,-0.001,-1.082,1.082,4.675,-0.050,-0.561,6.320,-0.130,-1.200,1.645,-0.080,-0.639,1.766,True,True,0.70711,0.00000,-0.00000,0.70711,0.00004,-0.05639,-0.00076,-0.99841,2.90599,0.00373,0.03293
12.895,0,4.973,4.967,-0.057,0.243,4.945,-0.057,-0.835,-0.022,-0.000,-1.078,1.078,4.676,-0.051,-0.560,-0.000,-0.000,-0.000,-4.676,0.051,0.560,4.709,True,True,0.70711,0.00000,-0.00000,0.70711,0.00003,-0.05636,-0.00056,-0.99841,2.91661,0.00103,0.01704
12.936,0,4.760,4.752,-0.054,0.276,4.875,-0.058,-0.875,0.123,-0.003,-1.151,1.157,4.676,-0.051,-0.552,-0.000,-0.000,-0.000,-4.676,0.051,0.552,4.709,True,True,0.70711,0.00000,-0.00000,0.70711,0.00003,-0.05564,-0.00045,-0.99845,2.78850,-0.02117,0.04077
12.957,0,4.585,4.574,-0.053,0.304,4.686,-0.057,-0.806,0.112,-0.005,-1.110,1.116,4.676,-0.051,-0.544,-0.000,-0.000,-0.000,-4.676,0.051,0.544,4.708,True,True,0.70711,0.00000,-0.00000,0.70711,0.00002,-0.05479,-0.00038,-0.99850,2.92227,0.00339,0.00065
12.977,0,4.373,4.359,-0.050,0.351,4.588,-0.063,-0.755,0.229,-0.012,-1.106,1.130,4.678,-0.051,-0.519,-0.000,-0.000,-0.000,-4.678,0.051,0.519,4.707,True,True,0.70711,0.00000,-0.00000,0.70711,0.00002,-0.05226,-0.00028,-0.99863,3.11099,-0.00877,-0.14041
13.039,0,4.341,4.326,-0.050,0.363,4.442,-0.060,-0.726,0.117,-0.010,-1.089,1.096,4.672,-0.052,-0.508,-0.000,-0.000,-0.000,-4.672,0.052,0.508,4.700,True,True,0.70711,0.00000,-0.00000,0.70711,0.00002,-0.05127,-0.00025,-0.99868,2.94591,-0.01069,-0.10485
13.060,0,4.108,4.082,-0.047,0.462,4.368,-0.061,-0.720,0.286,-0.013,-1.181,1.215,4.672,-0.052,-0.424,-0.000,-0.000,-0.000,-4.672,0.052,0.424,4.692,True,True,0.70711,0.00000,-0.00000,0.70711,0.00001,-0.04240,-0.00012,-0.99910,2.91190,-0.00332,-0.05198
13.102,0,3.978,3.946,-0.046,0.502,4.184,-0.057,-0.659,0.238,-0.011,-1.161,1.185,4.662,-0.052,-0.388,-0.000,-0.000,-0.000,-4.662,0.052,0.388,4.678,True,True,0.70711,0.00000,-0.00000,0.70711,0.00001,-0.03877,-0.00008,-0.99925,2.80086,-0.00040,-0.01325
13.123,0,3.978,3.946,-0.046,0.502,4.080,-0.054,-0.613,0.134,-0.008,-1.115,1.123,4.662,-0.052,-0.388,-0.000,-0.000,-0.000,-4.662,0.052,0.388,4.678,True,True,0.70711,0.00000,-0.00000,0.70711,0.00001,-0.03877,-0.00008,-0.99925,2.86290,-0.00209,-0.00172
13.143,0,3.682,3.632,-0.043,0.604,3.971,-0.059,-0.577,0.339,-0.016,-1.181,1.229,4.645,-0.051,-0.286,6.460,0.400,-1.950,1.815,0.451,-1.664,2.503,True,True,0.70711,0.00000,-0.00000,0.70711,0.00000,-0.02822,0.00010,-0.99960,2.83857,-0.02205,-0.16741
13.188,0,3.461,3.395,-0.041,0.673,3.779,-0.059,-0.504,0.384,-0.018,-1.176,1.237,4.628,-0.051,-0.209,-0.000,-0.000,-0.000,-4.628,0.051,0.209,4.633,True,True,0.70711,0.00000,-0.00000,0.70711,-0.00000,-0.02023,0.00025,-0.99980,2.90432,-0.01217,-0.09356
13.229,0,3.430,3.361,-0.040,0.683,3.584,-0.058,-0.452,0.223,-0.018,-1.135,1.157,4.596,-0.051,-0.192,-0.000,-0.000,-0.000,-4.596,0.051,0.192,4.600,True,True,0.70711,0.00000,-0.00000,0.70711,-0.00000,-0.01887,0.00030,-0.99982,2.75509,-0.01696,-0.09604
13.250,0,3.231,3.142,-0.038,0.751,3.492,-0.045,-0.424,0.349,-0.007,-1.175,1.226,4.580,-0.051,-0.104,-0.000,-0.000,-0.000,-4.580,0.051,0.104,4.582,True,True,0.70711,0.00000,-0.00000,0.70711,0.00001,0.00940,-0.00040,0.99996,2.78861,0.00222,0.05907
13.272,0,3.140,3.043,-0.037,0.775,3.393,-0.040,-0.388,0.350,-0.003,-1.163,1.214,4.555,-0.050,-0.070,5.860,-0.130,-2.240,1.305,-0.080,-2.170,2.534,True,True,0.70711,0.00000,-0.00000,0.70711,0.00001,0.00589,-0.00040,0.99998,2.74288,0.01160,0.07460
13.335,0,2.986,2.874,-0.035,0.812,3.155,-0.018,-0.298,0.281,0.018,-1.110,1.145,4.499,-0.050,-0.013,10.710,-1.370,-4.160,6.211,-1.320,-4.147,7.584,True,True,0.70711,0.00000,-0.00000,0.70711,0.00001,-0.00015,-0.00051,1.00000,3.09383,-0.00403,0.45027
13.356,0,2.785,2.649,-0.033,0.860,2.494,-0.038,-0.396,-0.155,-0.005,-1.257,1.266,4.464,-0.049,0.069,0.770,-0.000,-0.110,-3.694,0.049,-0.179,3.698,False,True,0.70711,0.00000,-0.00000,0.70711,0.00002,-0.00915,-0.00066,0.99996,,,
13.378,0,2.665,2.516,-0.032,0.879,2.787,-0.038,-0.330,0.272,-0.006,-1.209,1.239,4.429,-0.049,0.106,-8.790,-0.020,-1.980,-13.219,0.029,-2.086,13.383,True,True,0.70711,0.00000,-0.00000,0.70711,0.00002,-0.01325,-0.00068,0.99991,2.45677,-0.00713,-0.00335
13.421,0,2.443,2.266,-0.030,0.911,2.705,-0.037,-0.327,0.438,-0.008,-1.238,1.313,4.383,-0.049,0.178,-0.000,-0.000,-0.000,-4.383,0.049,-0.178,4.386,True,True,0.70711,0.00000,-0.00000,0.70711,0.00002,-0.02138,-0.00079,0.99977,2.43511,-0.01050,0.00591
13.462,0,2.414,2.234,-0.029,0.914,2.597,-0.033,-0.335,0.363,-0.004,-1.249,1.301,4.318,-0.048,0.187,6.680,-0.310,0.620,2.362,-0.262,0.433,2.415,True,True,0.70711,0.00000,-0.00000,0.70711,0.00002,-0.02249,-0.00080,0.99975,2.34223,0.00374,0.03919
13.504,0,2.230,2.024,-0.027,0.937,2.483,-0.032,-0.342,0.460,-0.004,-1.279,1.359,4.244,-0.047,0.252,0.760,0.180,-0.000,-3.484,0.227,-0.252,3.500,True,True,0.70711,0.00000,-0.00000,0.70711,0.00002,-0.03023,-0.00084,0.99954,2.33511,-0.00895,0.00445
13.547,0,2.048,1.817,-0.025,0.945,1.802,-0.026,-0.364,-0.015,-0.001,-1.309,1.309,4.195,-0.047,0.296,1.430,-0.040,-0.060,-2.765,0.007,-0.356,2.788,False,True,0.70711,0.00000,-0.00000,0.70711,0.00002,-0.03556,-0.00085,0.99937,,,
13.568,0,1.941,1.695,-0.024,0.947,1.676,-0.024,-0.365,-0.018,-0.000,-1.312,1.312,4.137,-0.046,0.318,3.750,-0.060,0.030,-0.387,-0.014,-0.288,0.482,False,True,0.70711,0.00000,-0.00000,0.70711,0.00002,-0.03849,-0.00090,0.99926,,,
14.272,1,23.740,23.246,0.602,4.781,21.582,3.150,3.159,-1.664,2.548,-1.622,3.449,2.677,-0.199,0.588,-0.000,-0.000,-0.000,-2.677,0.199,-0.588,2.748,False,False,0.70711,0.00000,-0.00000,0.70711,0.01350,-0.02985,0.08082,-0.99619,,,
14.335,1,23.648,23.362,0.679,3.600,35.731,1.250,4.607,12.368,0.571,1.007,12.422,2.728,-0.373,1.166,,,,,,,,False,False,0.70711,0.00000,-0.00000,0.70711,0.01282,-0.05513,0.08605,-0.99468,,,
14.377,1,23.402,23.347,0.877,1.333,35.667,0.935,3.575,12.319,0.058,2.242,12.522,2.918,-0.458,1.404,,,,,,,,True,True,0.70711,0.00000,-0.00000,0.70711,0.01181,-0.10194,0.09451,-0.99022,2.30800,-0.36445,-1.11012
14.439,1,23.318,23.285,0.951,0.799,36.774,0.854,2.279,13.488,-0.097,1.479,13.570,3.058,-0.457,1.636,-0.000,-0.000,-0.000,-3.058,0.457,-1.636,3.498,True,True,0.70711,0.00000,-0.00000,0.70711,0.01135,-0.11259,0.09538,-0.98899,2.39147,-0.36044,-1.09062
14.459,1,23.192,23.166,1.086,0.185,36.489,0.738,1.406,13.324,-0.348,1.221,13.384,3.143,-0.434,1.646,-0.000,-0.000,-0.000,-3.143,0.434,-1.646,3.574,True,True,0.70711,0.00000,-0.00000,0.70711,0.00998,-0.12453,0.09516,-0.98759,2.40157,-0.30520,-1.20489
14.480,1,23.125,23.096,1.157,-0.065,35.054,0.601,0.588,11.958,-0.556,0.653,11.989,3.217,-0.407,1.700,-0.000,-0.000,-0.000,-3.217,0.407,-1.700,3.662,True,True,0.70711,0.00000,-0.00000,0.70711,0.00917,-0.12924,0.09446,-0.98706,2.45833,-0.30891,-1.32982
14.500,1,22.969,22.927,1.307,-0.485,41.208,0.491,0.106,18.281,-0.816,0.591,18.309,3.304,-0.355,1.719,-0.000,-0.000,-0.000,-3.304,0.355,-1.719,3.742,True,True,0.70711,0.00000,-0.00000,0.70711,0.00734,-0.13657,0.09138,-0.98638,2.64241,-0.21872,-1.06035
14.543,1,22.969,22.927,1.307,-0.485,40.043,0.398,-0.482,17.116,-0.909,0.003,17.140,3.304,-0.355,1.719,-0.000,-0.000,-0.000,-3.304,0.355,-1.719,3.742,True,True,0.70711,0.00000,-0.00000,0.70711,0.00734,-0.13657,0.09138,-0.98638,2.72226,-0.06478,-0.82020
14.564,1,22.947,22.902,1.327,-0.531,38.311,0.298,-0.614,15.409,-1.029,-0.083,15.444,3.376,-0.316,1.765,,,,,,,,True,True,0.70711,0.00000,-0.00000,0.70711,0.00707,-0.13731,0.09090,-0.98632,2.30607,-0.05309,-0.91992
14.626,1,22.718,22.652,1.515,-0.844,34.102,0.085,-0.984,11.450,-1.429,-0.140,11.539,3.582,-0.164,1.793,-0.000,-0.000,-0.000,-3.582,0.164,-1.793,4.009,True,True,0.70711,0.00000,-0.00000,0.70711,0.00397,-0.14171,0.08881,-0.98591,2.41585,-0.08179,-0.95218
14.668,1,22.548,22.470,1.625,-0.931,31.661,-0.031,-1.074,9.190,-1.656,-0.142,9.339,3.649,-0.087,1.789,-0.000,-0.000,-0.000,-3.649,0.087,-1.789,4.065,True,True,0.70711,0.00000,-0.00000,0.70711,0.00198,-0.14172,0.08610,-0.98615,2.34827,-0.09407,-1.02918
14.688,1,22.443,22.360,1.680,-0.952,36.440,-0.272,-1.211,14.080,-1.952,-0.259,14.217,3.695,-0.026,1.788,-0.000,-0.000,-0.000,-3.695,0.026,-1.788,4.105,True,True,0.70711,0.00000,-0.00000,0.70711,0.00107,-0.14086,0.08254,-0.98658,2.15787,-0.23169,-1.12274
14.710,1,22.359,22.273,1.721,-0.957,18.885,1.810,-1.861,-3.387,0.089,-0.904,3.507,3.758,0.044,1.773,,,,,,,,False,True,0.70711,0.00000,-0.00000,0.70711,0.00031,-0.13997,0.08028,-0.98690,,,
14.750,1,22.241,22.151,1.769,-0.935,18.885,1.766,-1.861,-3.266,-0.002,-0.926,3.395,3.811,0.114,1.758,-0.000,0.430,-0.000,-3.811,0.316,-1.758,4.209,False,True,0.70711,0.00000,-0.00000,0.70711,-0.00071,-0.13811,0.07776,-0.98736,,,
14.772,1,22.041,21.949,1.821,-0.857,21.891,2.129,-2.692,-0.058,0.308,-1.836,1.862,3.857,0.206,1.750,-0.000,-0.000,-0.000,-3.857,-0.206,-1.750,4.241,True,True,0.70711,0.00000,-0.00000,0.70711,-0.00175,-0.13385,0.07100,-0.98845,-2.74878,0.47978,-0.35583
14.854,1,21.939,21.847,1.839,-0.810,21.988,1.931,-2.627,0.141,0.091,-1.817,1.825,3.977,0.342,1.658,-0.000,-0.000,-0.000,-3.977,-0.342,-1.658,4.323,True,True,0.70711,0.00000,-0.00000,0.70711,-0.00218,-0.13155,0.06778,-0.98899,2.21854,-0.29457,-0.49577
14.875,1,21.740,21.648,1.864,-0.700,20.677,1.682,-2.247,-0.971,-0.182,-1.547,1.835,4.011,0.406,1.646,-0.000,-0.000,-0.000,-4.011,-0.406,-1.646,4.355,True,True,0.70711,0.00000,-0.00000,0.70711,-0.00326,-0.12698,0.06574,-0.98972,2.48861,-0.12871,-1.24108
14.896,1,21.740,21.648,1.864,-0.700,20.420,1.649,-2.142,-1.229,-0.216,-1.442,1.907,4.011,0.406,1.646,-1.390,-0.830,-0.700,-5.401,-1.236,-2.346,6.017,True,True,0.70711,0.00000,-0.00000,0.70711,-0.00326,-0.12698,0.06574,-0.98972,2.42561,-0.08666,-1.22590
14.978,1,21.479,21.390,1.874,-0.567,38.753,1.937,-3.361,17.363,0.063,-2.794,17.587,4.148,0.598,1.512,-0.000,-0.000,-0.000,-4.148,-0.598,-1.512,4.456,False,True,0.70711,0.00000,-0.00000,0.70711,-0.00373,-0.12081,0.05714,-0.99102,,,
15.019,1,21.198,21.112,1.860,-0.424,21.600,1.335,-2.114,0.488,-0.525,-1.689,1.835,4.171,0.650,1.513,-0.000,-0.000,-0.000,-4.171,-0.650,-1.513,4.484,True,True,0.70711,0.00000,-0.00000,0.70711,-0.00449,-0.11486,0.05530,-0.99183,2.52674,-0.17786,-1.41333
15.040,1,20.986,20.902,1.839,-0.330,21.967,1.246,-2.006,1.064,-0.593,-1.676,2.072,4.194,0.705,1.511,-0.000,-0.000,-0.000,-4.194,-0.705,-1.511,4.513,True,True,0.70711,0.00000,-0.00000,0.70711,-0.00450,-0.11036,0.04954,-0.99265,2.57464,-0.31084,-1.62274
15.102,1,20.957,20.874,1.836,-0.317,21.725,1.251,-1.862,0.851,-0.585,-1.545,1.858,4.216,0.729,1.487,-0.000,-0.000,-0.000,-4.216,-0.729,-1.487,4.529,True,True,0.70711,0.00000,-0.00000,0.70711,-0.00453,-0.10978,0.04913,-0.99273,2.52671,0.14155,1.28788
15.143,1,20.663,20.585,1.788,-0.183,21.751,1.274,-1.796,1.166,-0.514,-1.613,2.055,4.287,0.833,1.397,-0.000,-0.000,-0.000,-4.287,-0.833,-1.397,4.585,True,True,0.70711,0.00000,-0.00000,0.70711,-0.00450,-0.10379,0.04462,-0.99359,2.57456,0.16054,1.23370
15.164,1,20.549,20.472,1.768,-0.154,21.386,1.267,-1.660,0.914,-0.500,-1.506,1.832,4.311,0.866,1.362,-0.000,-0.000,-0.000,-4.311,-0.866,-1.362,4.604,True,True,0.70711,0.00000,-0.00000,0.70711,0.00456,0.10214,-0.04409,0.99378,2.51676,0.11155,1.33447
15.184,1,20.549,20.472,1.768,-0.154,19.793,1.433,-1.459,-0.679,-0.335,-1.305,1.509,4.311,0.866,1.362,-0.000,-0.000,-0.000,-4.311,-0.866,-1.362,4.604,True,True,0.70711,0.00000,-0.00000,0.70711,0.00456,0.10214,-0.04409,0.99378,2.56622,0.05712,0.50616
15.227,1,20.311,20.238,1.720,-0.074,20.622,1.301,-1.509,0.385,-0.419,-1.434,1.543,4.353,0.937,1.304,-0.000,-0.000,-0.000,-4.353,-0.937,-1.304,4.640,True,True,0.70711,0.00000,-0.00000,0.70711,0.00407,0.09779,-0.03685,0.99452,2.62843,0.16579,1.18307
15.247,1,20.185,20.114,1.692,-0.034,19.368,1.424,-1.311,-0.746,-0.269,-1.277,1.503,4.373,0.963,1.278,-0.000,-0.000,-0.000,-4.373,-0.963,-1.278,4.656,True,True,0.70711,0.00000,-0.00000,0.70711,0.00398,0.09576,-0.03536,0.99477,-3.20901,0.00606,-0.19965
15.268,1,20.067,19.998,1.666,-0.009,18.957,1.461,-1.267,-1.041,-0.205,-1.258,1.646,4.392,0.988,1.250,-0.000,-0.000,-0.000,-4.392,-0.988,-1.250,4.672,True,True,0.70711,0.00000,-0.00000,0.70711,0.00387,0.09417,-0.03397,0.99497,-3.12458,-0.01503,-0.38556
15.329,1,19.916,19.849,1.630,0.029,32.195,1.350,-1.764,12.346,-0.280,-1.793,12.479,4.429,1.034,1.180,-0.000,-0.000,-0.000,-4.429,-1.034,-1.180,4.698,False,True,0.70711,0.00000,-0.00000,0.70711,0.00352,0.09185,-0.02997,0.99532,,,
15.371,1,19.706,19.642,1.579,0.080,31.368,1.350,-1.685,11.725,-0.229,-1.765,11.859,4.455,1.069,1.136,8.130,-0.000,-0.780,3.675,-1.069,-1.916,4.280,False,True,0.70711,0.00000,-0.00000,0.70711,0.00315,0.08881,-0.02586,0.99571,,,
15.412,1,19.500,19.440,1.527,0.125,28.941,1.285,-1.485,9.501,-0.242,-1.610,9.640,4.474,1.090,1.114,,,,,,,,False,True,0.70711,0.00000,-0.00000,0.70711,0.00299,0.08620,-0.02438,0.99598,,,
15.433,1,19.335,19.277,1.485,0.149,16.682,1.267,-0.638,-2.595,-0.219,-0.788,2.721,4.484,1.107,1.097,-0.000,-0.000,-0.000,-4.484,-1.107,-1.097,4.747,True,True,0.70711,0.00000,-0.00000,0.70711,0.00262,0.08423,-0.02046,0.99623,-2.42057,-0.11171,0.54731
15.454,1,19.237,19.180,1.460,0.159,15.884,1.099,-0.559,-3.296,-0.361,-0.719,3.393,4.495,1.119,1.074,-0.000,-0.000,-0.000,-4.495,-1.119,-1.074,4.755,True,True,0.70711,0.00000,-0.00000,0.70711,0.00244,0.08322,-0.01873,0.99635,-2.40013,-0.22589,0.49906
15.475,1,19.137,19.083,1.434,0.169,16.639,1.283,-0.514,-2.443,-0.151,-0.683,2.542,4.506,1.129,1.050,-0.000,-0.000,-0.000,-4.506,-1.129,-1.050,4.762,True,True,0.70711,0.00000,-0.00000,0.70711,0.00231,0.08228,-0.01752,0.99645,-2.39776,0.00613,0.57250
15.538,1,19.008,18.955,1.400,0.184,16.849,1.266,-0.694,-2.106,-0.135,-0.878,2.286,4.533,1.150,0.974,,,,,,,,True,True,0.70711,0.00000,-0.00000,0.70711,0.00205,0.08093,-0.01498,0.99661,-2.85849,0.00559,0.23139
15.579,1,18.677,18.629,1.313,0.214,16.325,1.135,-0.737,-2.305,-0.178,-0.950,2.499,4.554,1.168,0.916,-0.000,-0.000,-0.000,-4.554,-1.168,-0.916,4.790,True,True,0.70711,0.00000,-0.00000,0.70711,0.00160,0.07797,-0.01084,0.99690,-2.86789,0.07342,0.49275
15.621,1,18.404,18.360,1.242,0.236,15.769,1.026,-0.684,-2.591,-0.215,-0.919,2.758,4.567,1.180,0.885,-0.000,-0.000,-0.000,-4.567,-1.180,-0.885,4.799,True,True,0.70711,0.00000,-0.00000,0.70711,0.00111,0.07559,-0.00583,0.99712,-2.89112,0.09802,0.74837
15.662,1,18.371,18.328,1.233,0.238,16.697,1.064,-0.764,-1.631,-0.170,-1.003,1.922,4.584,1.183,0.839,,,,,,,,True,True,0.70711,0.00000,-0.00000,0.70711,0.00106,0.07533,-0.00542,0.99714,2.89839,-0.15734,-0.17479
15.683,1,18.173,18.133,1.181,0.254,16.739,1.060,-0.823,-1.394,-0.121,-1.077,1.766,4.592,1.185,0.821,-0.000,-0.000,-0.000,-4.592,-1.185,-0.821,4.813,True,True,0.70711,0.00000,-0.00000,0.70711,0.00090,0.07383,-0.00422,0.99726,2.91062,-0.24525,-0.65457
15.704,1,18.056,18.017,1.150,0.261,17.256,1.078,-0.798,-0.762,-0.072,-1.060,1.307,4.600,1.186,0.800,,,,,,,,True,True,0.70711,0.00000,-0.00000,0.70711,0.00081,0.07300,-0.00347,0.99733,2.63912,-0.20830,-0.26275
15.766,1,17.900,17.864,1.109,0.267,17.284,1.057,-0.747,-0.580,-0.052,-1.014,1.170,4.614,1.187,0.751,-0.000,-0.000,-0.000,-4.614,-1.187,-0.751,4.823,True,True,0.70711,0.00000,-0.00000,0.70711,0.00055,0.07192,-0.00070,0.99741,2.44395,-0.21950,-0.36258
15.787,1,17.707,17.673,1.060,0.271,16.971,1.030,-0.729,-0.702,-0.030,-1.000,1.222,4.621,1.187,0.720,-0.000,-0.000,-0.000,-4.621,-1.187,-0.720,4.825,True,True,0.70711,0.00000,-0.00000,0.70711,0.00026,0.07074,0.00251,0.99749,3.01515,-0.21092,-0.35442
15.807,1,17.707,17.673,1.060,0.271,16.882,1.024,-0.725,-0.791,-0.036,-0.996,1.272,4.621,1.187,0.720,1.440,-0.050,-0.020,-3.181,-1.237,-0.740,3.493,True,True,0.70711,0.00000,-0.00000,0.70711,0.00026,0.07074,0.00251,0.99749,2.48831,-0.17402,-0.61617
15.849,1,17.435,17.404,0.990,0.276,16.893,0.942,-0.706,-0.511,-0.048,-0.982,1.108,4.637,1.180,0.670,-0.000,-0.000,-0.000,-4.637,-1.180,-0.670,4.831,True,True,0.70711,0.00000,-0.00000,0.70711,0.00001,0.06927,0.00506,0.99759,2.54377,-0.19581,-0.40524
15.870,1,17.292,17.264,0.954,0.279,16.580,0.922,-0.677,-0.684,-0.033,-0.956,1.176,4.643,1.176,0.648,-0.000,-0.000,-0.000,-4.643,-1.176,-0.648,4.833,True,True,0.70711,0.00000,-0.00000,0.70711,-0.00017,0.06850,0.00703,0.99763,2.24320,-0.19472,-0.30449
15.934,1,17.136,17.109,0.915,0.280,16.306,0.840,-0.635,-0.803,-0.075,-0.915,1.220,4.654,1.164,0.601,-0.000,-0.000,-0.000,-4.654,-1.164,-0.601,4.835,True,True,0.70711,0.00000,-0.00000,0.70711,-0.00031,0.06774,0.00856,0.99767,2.24780,-0.15983,-0.31019
15.955,1,16.932,16.908,0.865,0.281,16.222,0.811,-0.620,-0.685,-0.054,-0.901,1.133,4.659,1.158,0.575,-0.000,-0.000,-0.000,-4.659,-1.158,-0.575,4.835,True,True,0.70711,0.00000,-0.00000,0.70711,-0.00051,0.06683,0.01088,0.99770,2.25182,-0.15366,-0.31345
15.976,1,16.675,16.653,0.801,0.278,16.008,0.793,-0.613,-0.645,-0.008,-0.892,1.100,4.665,1.147,0.548,-0.000,-0.000,-0.000,-4.665,-1.147,-0.548,4.835,True,True,0.70711,0.00000,-0.00000,0.70711,-0.00066,0.06590,0.01243,0.99775,2.19486,-0.17874,-0.48833
16.038,1,16.642,16.621,0.793,0.278,15.814,0.776,-0.658,-0.806,-0.017,-0.937,1.236,4.673,1.132,0.510,-0.000,-0.000,-0.000,-4.673,-1.132,-0.510,4.835,True,True,0.70711,0.00000,-0.00000,0.70711,-0.00070,0.06576,0.01289,0.99775,2.32783,-0.11542,-0.70316
16.058,1,16.432,16.413,0.743,0.281,15.847,0.700,-0.671,-0.566,-0.043,-0.952,1.108,4.678,1.122,0.492,-0.000,-0.000,-0.000,-4.678,-1.122,-0.492,4.835,True,True,0.70711,0.00000,-0.00000,0.70711,-0.00081,0.06493,0.01408,0.99779,2.43175,-0.13656,-0.29415
16.080,1,16.299,16.281,0.711,0.282,15.518,0.695,-0.677,-0.763,-0.016,-0.959,1.226,4.682,1.112,0.478,,,,,,,,True,True,0.70711,0.00000,-0.00000,0.70711,-0.00082,0.06447,0.01396,0.99782,2.42177,-0.14915,-0.77936
16.121,1,16.171,16.154,0.681,0.282,15.900,0.686,-0.678,-0.255,0.005,-0.960,0.993,4.685,1.102,0.459,-0.000,-0.000,-0.000,-4.685,-1.102,-0.459,4.835,True,True,0.70711,0.00000,-0.00000,0.70711,-0.00090,0.06402,0.01506,0.99783,-3.21977,0.09122,-0.28646
16.142,1,15.915,15.901,0.623,0.280,15.800,0.605,-0.737,-0.101,-0.017,-1.017,1.022,4.689,1.089,0.435,-0.000,-0.000,-0.000,-4.689,-1.089,-0.435,4.834,True,True,0.70711,0.00000,-0.00000,0.70711,-0.00107,0.06324,0.01727,0.99785,2.61260,-0.08673,-0.40562
16.183,1,15.882,15.868,0.615,0.279,15.465,0.580,-0.622,-0.403,-0.035,-0.901,0.988,4.695,1.069,0.400,,,,,,,,True,True,0.70711,0.00000,-0.00000,0.70711,-0.00107,0.06316,0.01729,0.99785,-2.75630,0.24164,-0.36278
16.224,1,15.679,15.666,0.569,0.278,14.603,0.536,-0.682,-1.063,-0.033,-0.960,1.433,4.698,1.057,0.382,-0.000,-0.000,-0.000,-4.698,-1.057,-0.382,4.830,True,True,0.70711,0.00000,-0.00000,0.70711,0.00114,-0.06261,-0.01807,-0.99787,2.68438,0.07740,0.65554
16.245,1,15.425,15.414,0.514,0.278,14.590,0.494,-0.545,-0.824,-0.020,-0.823,1.165,4.701,1.042,0.364,-0.000,-0.000,-0.000,-4.701,-1.042,-0.364,4.829,True,True,0.70711,0.00000,-0.00000,0.70711,0.00122,-0.06194,-0.01923,-0.99789,-2.64604,0.19889,-0.35492
16.286,1,15.393,15.382,0.507,0.277,14.301,0.483,-0.531,-1.081,-0.024,-0.808,1.350,4.705,1.023,0.334,3.930,0.580,0.090,-0.775,-0.443,-0.244,0.925,False,True,0.70711,0.00000,-0.00000,0.70711,0.00125,-0.06186,-0.01962,-0.99789,,,
16.307,1,15.393,15.382,0.507,0.277,15.199,0.423,-0.489,-0.182,-0.084,-0.767,0.792,4.705,1.023,0.334,,,,,,,,True,True,0.70711,0.00000,-0.00000,0.70711,0.00125,-0.06186,-0.01962,-0.99789,-2.73508,0.28183,-0.24730
16.349,1,14.947,14.939,0.412,0.274,14.860,0.448,-0.635,-0.079,0.035,-0.909,0.913,4.710,0.992,0.301,-0.000,-0.000,-0.000,-4.710,-0.992,-0.301,4.823,True,True,0.70711,0.00000,-0.00000,0.70711,0.00134,-0.06090,-0.02096,-0.99792,2.38242,-0.09162,-0.86229
16.390,1,14.914,14.906,0.406,0.274,13.816,0.442,-0.764,-1.090,0.036,-1.038,1.505,4.713,0.969,0.271,-0.000,-0.000,-0.000,-4.713,-0.969,-0.271,4.819,True,True,0.70711,0.00000,-0.00000,0.70711,0.00136,-0.06084,-0.02119,-0.99792,2.36105,-0.01123,-1.20633
16.432,1,14.701,14.694,0.363,0.272,13.463,0.435,-0.812,-1.231,0.072,-1.084,1.642,4.715,0.954,0.253,-0.000,-0.000,-0.000,-4.715,-0.954,-0.253,4.817,True,True,0.70711,0.00000,-0.00000,0.70711,0.00146,-0.06043,-0.02287,-0.99791,2.36808,-0.01002,-1.20244
16.453,1,14.567,14.561,0.336,0.272,13.577,0.419,-0.825,-0.984,0.083,-1.097,1.476,4.717,0.939,0.240,-0.000,-0.000,-0.000,-4.717,-0.939,-0.240,4.815,True,True,0.70711,0.00000,-0.00000,0.70711,0.00146,-0.06019,-0.02287,-0.99792,-2.97817,-0.44266,-1.12373
16.476,1,14.434,14.428,0.310,0.272,13.513,0.410,-0.812,-0.915,0.100,-1.084,1.422,4.718,0.923,0.226,6.760,0.440,-1.210,2.042,-0.483,-1.436,2.543,True,True,0.70711,0.00000,-0.00000,0.70711,0.00147,-0.05995,-0.02307,-0.99793,2.33958,0.15627,-0.80847
16.517,1,14.168,14.163,0.260,0.271,13.569,0.428,-0.786,-0.594,0.168,-1.057,1.224,4.720,0.905,0.206,-0.000,-0.000,-0.000,-4.720,-0.905,-0.206,4.810,True,True,0.70711,0.00000,-0.00000,0.70711,0.00160,-0.05952,-0.02520,-0.99791,-3.00979,-0.43892,-0.91741
16.558,1,14.135,14.130,0.254,0.270,13.342,0.332,-0.837,-0.788,0.079,-1.107,1.361,4.722,0.880,0.182,-0.000,-0.000,-0.000,-4.722,-0.880,-0.182,4.806,True,True,0.70711,0.00000,-0.00000,0.70711,0.00161,-0.05947,-0.02541,-0.99791,2.44162,0.15373,-0.82556
16.579,1,13.939,13.934,0.218,0.270,13.314,0.297,-0.818,-0.620,0.079,-1.088,1.255,4.723,0.863,0.165,-0.000,-0.000,-0.000,-4.723,-0.863,-0.165,4.804,True,True,0.70711,0.00000,-0.00000,0.70711,0.00171,-0.05919,-0.02712,-0.99788,2.41862,0.13803,-0.71086
16.620,1,13.682,13.678,0.172,0.270,13.168,0.255,-0.799,-0.510,0.083,-1.069,1.187,4.724,0.842,0.151,-0.000,-0.000,-0.000,-4.724,-0.842,-0.151,4.801,True,True,0.70711,0.00000,-0.00000,0.70711,0.00172,-0.05886,-0.02735,-0.99789,2.39410,0.16633,-0.67006
16.661,1,13.649,13.645,0.167,0.270,12.962,0.204,-0.797,-0.683,0.037,-1.067,1.267,4.725,0.815,0.128,-0.000,-0.000,-0.000,-4.725,-0.815,-0.128,4.797,True,True,0.70711,0.00000,-0.00000,0.70711,0.00173,-0.05881,-0.02758,-0.99789,2.46332,0.15077,-0.61069
16.682,1,13.450,13.447,0.134,0.270,12.992,0.215,-0.777,-0.455,0.082,-1.047,1.145,4.726,0.798,0.113,-0.000,-0.000,-0.000,-4.726,-0.798,-0.113,4.794,True,True,0.70711,0.00000,-0.00000,0.70711,0.00184,-0.05858,-0.02957,-0.99784,2.91565,0.39355,0.62258
16.723,1,13.202,13.199,0.092,0.272,12.747,0.128,-0.779,-0.452,0.036,-1.050,1.144,4.727,0.776,0.102,-0.000,-0.000,-0.000,-4.727,-0.776,-0.102,4.791,True,True,0.70711,0.00000,-0.00000,0.70711,0.00181,-0.05831,-0.02911,-0.99787,2.54540,0.16074,-0.67860
16.765,1,13.169,13.166,0.087,0.272,12.499,0.086,-0.778,-0.668,-0.001,-1.050,1.245,4.727,0.746,0.080,-0.000,-0.000,-0.000,-4.727,-0.746,-0.080,4.787,True,True,0.70711,0.00000,-0.00000,0.70711,0.00182,-0.05828,-0.02925,-0.99787,2.54597,0.14988,-0.62880
16.806,1,12.950,12.947,0.053,0.273,12.446,0.074,-0.778,-0.501,0.021,-1.051,1.165,4.728,0.715,0.061,-0.260,0.230,-0.030,-4.988,-0.485,-0.091,5.013,True,True,0.70711,0.00000,-0.00000,0.70711,0.00185,-0.05807,-0.02988,-0.99786,2.53975,0.17434,-0.61328
16.869,1,12.731,12.728,0.020,0.275,12.205,0.044,-0.780,-0.523,0.025,-1.055,1.178,4.729,0.685,0.047,-0.000,-0.000,-0.000,-4.729,-0.685,-0.047,4.778,True,True,0.70711,0.00000,-0.00000,0.70711,0.00182,-0.05788,-0.02964,-0.99788,2.49041,0.16233,-0.52560
16.910,1,12.509,12.506,-0.013,0.277,12.062,0.007,-0.792,-0.444,0.020,-1.069,1.158,4.729,0.654,0.030,-0.000,-0.000,-0.000,-4.729,-0.654,-0.030,4.774,True,True,0.70711,0.00000,-0.00000,0.70711,0.00181,-0.05770,-0.02956,-0.99789,2.47081,0.10229,-0.43772
16.931,1,12.509,12.506,-0.013,0.277,12.046,-0.018,-0.820,-0.460,-0.005,-1.097,1.190,4.729,0.654,0.030,-0.580,0.650,0.940,-5.309,-0.004,0.910,5.387,True,True,0.70711,0.00000,-0.00000,0.70711,0.00181,-0.05770,-0.02956,-0.99789,2.57748,0.15997,-0.30132
16.992,1,11.994,11.991,-0.082,0.283,11.841,-0.069,-0.865,-0.149,0.013,-1.148,1.158,4.729,0.595,-0.004,-0.000,-0.000,-0.000,-4.729,-0.595,0.004,4.767,True,True,0.70711,0.00000,-0.00000,0.70711,0.00180,-0.05736,-0.02979,-0.99791,2.54687,0.18600,-0.02306
17.034,1,11.856,11.852,-0.099,0.285,11.522,-0.109,-0.864,-0.330,-0.009,-1.149,1.195,4.729,0.572,-0.017,-0.000,-0.000,-0.000,-4.729,-0.572,0.017,4.764,True,True,0.70711,0.00000,-0.00000,0.70711,0.00180,-0.05728,-0.02988,-0.99791,2.55640,0.17147,0.14111
17.055,1,11.695,11.691,-0.119,0.288,11.323,-0.137,-0.831,-0.368,-0.019,-1.119,1.178,4.729,0.554,-0.028,9.550,1.470,-2.420,4.821,0.916,-2.392,5.459,True,True,0.70711,0.00000,-0.00000,0.70711,0.00181,-0.05718,-0.02999,-0.99791,3.09105,0.11306,-0.45279
17.078,1,11.563,11.559,-0.134,0.290,11.048,-0.177,-0.799,-0.511,-0.043,-1.089,1.204,4.729,0.540,-0.035,6.310,0.980,-0.110,1.581,0.440,-0.075,1.643,True,True,0.70711,0.00000,-0.00000,0.70711,0.00179,-0.05710,-0.02987,-0.99792,3.11691,0.11776,-0.42610
17.122,1,11.452,11.447,-0.147,0.292,10.698,-0.214,-0.773,-0.750,-0.067,-1.066,1.305,4.729,0.520,-0.046,-0.000,-0.000,-0.000,-4.729,-0.520,0.046,4.758,True,True,0.70711,0.00000,-0.00000,0.70711,0.00179,-0.05704,-0.02986,-0.99792,3.16693,0.08315,-0.45302
17.142,1,11.182,11.177,-0.176,0.298,10.454,-0.205,-0.819,-0.723,-0.029,-1.117,1.331,4.729,0.498,-0.057,-0.000,-0.000,-0.000,-4.729,-0.498,0.057,4.756,True,True,0.70711,0.00000,-0.00000,0.70711,0.00178,-0.05690,-0.02991,-0.99793,2.38076,0.18788,0.36115
17.204,1,11.150,11.144,-0.179,0.299,10.459,-0.220,-0.755,-0.685,-0.041,-1.054,1.257,4.729,0.468,-0.074,-0.000,-0.000,-0.000,-4.729,-0.468,0.074,4.752,True,True,0.70711,0.00000,-0.00000,0.70711,0.00178,-0.05689,-0.02985,-0.99793,3.17392,0.02846,-0.30283
17.225,1,10.922,10.916,-0.202,0.305,10.513,-0.224,-0.739,-0.403,-0.022,-1.043,1.119,4.729,0.449,-0.083,-0.000,-0.000,-0.000,-4.729,-0.449,0.083,4.751,True,True,0.70711,0.00000,-0.00000,0.70711,0.00178,-0.05679,-0.02990,-0.99794,3.15834,0.02116,-0.24774
17.245,1,10.791,10.785,-0.214,0.308,10.196,-0.260,-0.716,-0.589,-0.046,-1.023,1.182,4.728,0.432,-0.089,-0.000,-0.000,-0.000,-4.728,-0.432,0.089,4.749,True,True,0.70711,0.00000,-0.00000,0.70711,0.00175,-0.05673,-0.02961,-0.99795,3.19086,0.00751,-0.39037
17.286,1,10.528,10.520,-0.238,0.315,10.283,-0.260,-0.729,-0.238,-0.022,-1.044,1.071,4.728,0.410,-0.098,-0.000,-0.000,-0.000,-4.728,-0.410,0.098,4.747,True,True,0.70711,0.00000,-0.00000,0.70711,0.00174,-0.05663,-0.02952,-0.99796,3.08578,0.02910,-0.24325
17.328,1,10.495,10.488,-0.241,0.316,9.856,-0.289,-0.681,-0.631,-0.048,-0.997,1.181,4.727,0.382,-0.113,-0.000,-0.000,-0.000,-4.727,-0.382,0.113,4.744,True,True,0.70711,0.00000,-0.00000,0.70711,0.00174,-0.05662,-0.02946,-0.99796,3.24800,-0.04664,-0.43236
17.391,1,10.277,10.269,-0.259,0.322,9.876,-0.294,-0.693,-0.393,-0.035,-1.016,1.090,4.727,0.351,-0.126,-0.000,-0.000,-0.000,-4.727,-0.351,0.126,4.741,True,True,0.70711,0.00000,-0.00000,0.70711,0.00172,-0.05655,-0.02930,-0.99797,3.19646,-0.00123,-0.29425
17.433,1,10.040,10.031,-0.277,0.330,9.632,-0.315,-0.675,-0.399,-0.038,-1.005,1.082,4.726,0.322,-0.135,-0.000,-0.000,-0.000,-4.726,-0.322,0.135,4.739,True,True,0.70711,0.00000,-0.00000,0.70711,0.00170,-0.05648,-0.02896,-0.99798,3.20842,-0.00637,-0.31418
17.454,1,9.809,9.798,-0.294,0.337,9.541,-0.319,-0.679,-0.257,-0.025,-1.016,1.048,4.726,0.318,-0.136,1.330,-0.030,0.290,-3.396,-0.348,0.426,3.440,True,True,0.70711,0.00000,-0.00000,0.70711,0.00163,-0.05642,-0.02788,-0.99802,3.19677,0.00444,-0.23046
17.496,1,9.666,9.655,-0.303,0.341,8.845,-0.443,-0.692,-0.810,-0.140,-1.033,1.321,4.725,0.289,-0.148,-0.000,-0.000,-0.000,-4.725,-0.289,0.148,4.736,True,True,0.70711,0.00000,-0.00000,0.70711,0.00159,-0.05639,-0.02733,-0.99803,3.44475,0.09806,-0.24174
17.517,1,9.536,9.525,-0.311,0.346,8.931,-0.400,-0.656,-0.594,-0.089,-1.002,1.168,4.725,0.272,-0.156,-0.000,-0.000,-0.000,-4.725,-0.272,0.156,4.735,True,True,0.70711,0.00000,-0.00000,0.70711,0.00160,-0.05636,-0.02752,-0.99803,3.15908,0.04306,-0.36555
17.538,1,9.403,9.391,-0.319,0.351,8.953,-0.390,-0.649,-0.438,-0.071,-1.000,1.094,4.725,0.257,-0.164,-0.230,0.000,0.080,-4.955,-0.257,0.244,4.967,True,True,0.70711,0.00000,-0.00000,0.70711,0.00160,-0.05633,-0.02764,-0.99803,3.21849,-0.01149,-0.19217
17.600,1,9.242,9.229,-0.328,0.357,8.717,-0.417,-0.632,-0.512,-0.090,-0.989,1.117,4.724,0.228,-0.177,-0.000,-0.000,-0.000,-4.724,-0.228,0.177,4.733,True,True,0.70711,0.00000,-0.00000,0.70711,0.00156,-0.05630,-0.02700,-0.99805,3.19827,0.09718,-0.22254
17.621,1,9.035,9.021,-0.338,0.365,8.691,-0.422,-0.646,-0.329,-0.084,-1.012,1.067,4.723,0.212,-0.183,-2.280,-0.200,1.290,-7.003,-0.412,1.473,7.168,True,True,0.70711,0.00000,-0.00000,0.70711,0.00155,-0.05626,-0.02688,-0.99805,3.11827,0.10160,-0.24019
17.642,1,8.900,8.886,-0.345,0.370,8.601,-0.409,-0.679,-0.285,-0.065,-1.049,1.089,4.723,0.198,-0.188,4.920,-1.320,1.410,0.197,-1.518,1.598,2.213,True,True,0.70711,0.00000,-0.00000,0.70711,0.00151,-0.05623,-0.02621,-0.99807,2.63779,0.08987,-0.26196
17.683,1,8.645,8.629,-0.356,0.381,8.350,-0.394,-0.706,-0.279,-0.038,-1.087,1.123,4.722,0.181,-0.194,-0.000,-0.000,-0.000,-4.722,-0.181,0.194,4.730,True,True,0.70711,0.00000,-0.00000,0.70711,0.00145,-0.05619,-0.02514,-0.99810,2.56115,0.06541,-0.31012
17.747,1,8.612,8.596,-0.357,0.382,8.166,-0.403,-0.702,-0.430,-0.046,-1.084,1.167,4.722,0.157,-0.205,-0.000,-0.000,-0.000,-4.722,-0.157,0.205,4.729,True,True,0.70711,0.00000,-0.00000,0.70711,0.00145,-0.05619,-0.02509,-0.99810,2.59052,0.05811,-0.28570
17.767,1,8.395,8.378,-0.365,0.392,6.956,-0.394,-0.596,-1.421,-0.029,-0.988,1.731,4.721,0.143,-0.211,-0.000,-0.000,-0.000,-4.721,-0.143,0.211,4.728,True,True,0.70711,0.00000,-0.00000,0.70711,0.00143,-0.05616,-0.02491,-0.99811,2.16743,0.21498,-0.54539
17.788,1,8.267,8.249,-0.369,0.397,6.644,-0.401,-0.573,-1.606,-0.032,-0.970,1.876,4.721,0.130,-0.215,-0.000,-0.000,-0.000,-4.721,-0.130,0.215,4.727,True,True,0.70711,0.00000,-0.00000,0.70711,0.00139,-0.05614,-0.02426,-0.99813,2.23450,0.10176,-0.47290
17.809,1,8.144,8.126,-0.373,0.403,7.621,-0.382,-0.282,-0.505,-0.009,-0.685,0.851,4.720,0.117,-0.220,1.900,0.020,0.080,-2.820,-0.097,0.300,2.838,False,True,0.70711,0.00000,-0.00000,0.70711,0.00136,-0.05613,-0.02368,-0.99814,,,
17.853,1,7.878,7.858,-0.380,0.415,6.042,-0.387,-0.517,-1.816,-0.007,-0.932,2.041,4.720,0.101,-0.227,-0.000,-0.000,-0.000,-4.720,-0.101,0.227,4.726,True,True,0.70711,0.00000,-0.00000,0.70711,0.00131,-0.05610,-0.02296,-0.99816,2.24133,0.10513,-0.55780
17.915,1,7.845,7.825,-0.381,0.417,7.276,-0.386,-0.280,-0.549,-0.006,-0.697,0.887,4.718,0.071,-0.241,2.480,-0.020,0.050,-2.238,-0.091,0.291,2.259,False,True,0.70711,0.00000,-0.00000,0.70711,0.00131,-0.05610,-0.02283,-0.99816,,,
17.940,1,7.542,7.519,-0.386,0.432,5.735,-0.324,-0.393,-1.784,0.062,-0.826,1.967,4.718,0.055,-0.247,,,,,,,,True,True,0.70711,0.00000,-0.00000,0.70711,0.00128,-0.05607,-0.02250,-0.99817,-2.75740,-0.25442,-0.79934
17.982,1,7.249,7.224,-0.391,0.447,5.333,-0.320,-0.357,-1.892,0.071,-0.804,2.057,4.717,0.041,-0.251,-0.000,-0.000,-0.000,-4.717,-0.041,0.251,4.724,True,True,0.70711,0.00000,-0.00000,0.70711,0.00116,-0.05605,-0.02041,-0.99822,-2.71792,-0.20744,-0.81790
18.023,1,7.216,7.192,-0.391,0.448,5.102,-0.291,-0.325,-2.090,0.101,-0.774,2.231,4.716,0.023,-0.260,10.530,-2.110,-1.820,5.814,-2.133,-1.560,6.386,True,True,0.70711,0.00000,-0.00000,0.70711,0.00116,-0.05604,-0.02034,-0.99822,-2.70604,-0.00971,-1.07508
18.064,1,7.002,6.976,-0.393,0.460,4.840,-0.251,-0.287,-2.136,0.142,-0.748,2.267,4.716,0.011,-0.265,-0.000,-0.000,-0.000,-4.716,-0.011,0.265,4.723,True,True,0.70711,0.00000,-0.00000,0.70711,0.00116,-0.05603,-0.02036,-0.99822,-2.68511,0.01045,-1.10006
18.086,1,6.876,6.849,-0.394,0.467,6.599,-0.409,-0.328,-0.250,-0.015,-0.795,0.834,4.715,0.000,-0.269,1.720,0.070,0.070,-2.995,0.070,0.339,3.015,False,True,0.70711,0.00000,-0.00000,0.70711,0.00113,-0.05602,-0.01980,-0.99823,,,
18.113,1,6.876,6.849,-0.394,0.467,4.528,-0.224,-0.268,-2.321,0.170,-0.735,2.440,4.715,0.000,-0.269,,,,,,,,True,True,0.70711,0.00000,-0.00000,0.70711,0.00113,-0.05602,-0.01980,-0.99823,-2.67582,0.06255,-1.12230
18.159,1,6.584,6.555,-0.394,0.484,4.578,-0.228,-0.275,-1.977,0.166,-0.759,2.124,4.714,-0.028,-0.282,-3.730,0.340,0.560,-8.444,0.368,0.842,8.494,True,True,0.70711,0.00000,-0.00000,0.70711,0.00107,-0.05601,-0.01889,-0.99825,-2.56017,-0.30781,-1.16436
18.202,1,6.387,6.355,-0.394,0.495,4.763,-0.263,-0.293,-1.592,0.131,-0.788,1.781,4.714,-0.038,-0.287,-0.000,-0.000,-0.000,-4.714,0.038,0.287,4.723,True,True,0.70711,0.00000,-0.00000,0.70711,0.00102,-0.05600,-0.01788,-0.99827,-2.60694,-0.28950,-1.23581
18.223,1,6.263,6.230,-0.394,0.502,5.564,-0.312,-0.415,-0.666,0.081,-0.917,1.136,4.713,-0.047,-0.291,-0.000,-0.000,-0.000,-4.713,0.047,0.291,4.722,True,True,0.70711,0.00000,-0.00000,0.70711,0.00098,-0.05600,-0.01727,-0.99828,3.03017,0.06883,0.34068
18.244,1,6.011,5.976,-0.392,0.517,5.688,-0.319,-0.435,-0.287,0.073,-0.952,0.997,4.713,-0.057,-0.296,4.190,-0.340,-0.570,-0.523,-0.283,-0.274,0.655,True,True,0.70711,0.00000,-0.00000,0.70711,0.00094,-0.05599,-0.01656,-0.99829,3.03000,0.06315,0.39595
18.289,1,5.979,5.943,-0.391,0.519,5.069,-0.354,-0.352,-0.875,0.038,-0.871,1.235,4.712,-0.071,-0.302,,,,,,,,True,True,0.70711,0.00000,-0.00000,0.70711,0.00094,-0.05599,-0.01655,-0.99829,2.35447,-0.08152,-1.15335
18.310,1,5.979,5.943,-0.391,0.519,4.383,-0.378,-0.261,-1.560,0.013,-0.780,1.744,4.712,-0.071,-0.302,1.410,-0.350,0.040,-3.302,-0.279,0.342,3.331,True,True,0.70711,0.00000,-0.00000,0.70711,0.00094,-0.05599,-0.01655,-0.99829,2.33759,-0.07255,-1.13158
18.351,1,5.646,5.607,-0.387,0.540,5.262,-0.423,-0.377,-0.346,-0.036,-0.917,0.981,4.711,-0.089,-0.310,1.610,0.010,-0.030,-3.101,0.099,0.280,3.115,False,True,0.70711,0.00000,-0.00000,0.70711,0.00089,-0.05598,-0.01570,-0.99831,,,
18.372,1,5.390,5.348,-0.383,0.557,5.156,-0.421,-0.382,-0.192,-0.039,-0.939,0.959,4.711,-0.099,-0.315,3.170,-0.060,0.150,-1.541,0.039,0.465,1.610,False,True,0.70711,0.00000,-0.00000,0.70711,0.00084,-0.05597,-0.01493,-0.99832,,,
18.434,1,5.358,5.315,-0.382,0.559,4.892,-0.417,-0.394,-0.423,-0.035,-0.953,1.043,4.710,-0.112,-0.322,2.060,-0.030,0.100,-2.650,0.082,0.422,2.685,False,True,0.70711,0.00000,-0.00000,0.70711,0.00084,-0.05597,-0.01478,-0.99832,,,
18.454,1,5.144,5.098,-0.378,0.573,4.801,-0.413,-0.398,-0.297,-0.035,-0.972,1.017,4.709,-0.120,-0.326,0.900,-0.040,0.040,-3.809,0.080,0.366,3.828,False,True,0.70711,0.00000,-0.00000,0.70711,0.00080,-0.05597,-0.01422,-0.99833,,,
18.475,1,5.012,4.964,-0.375,0.582,4.670,-0.406,-0.400,-0.295,-0.031,-0.982,1.026,4.709,-0.127,-0.329,3.940,-0.210,0.040,-0.769,-0.083,0.369,0.857,False,True,0.70711,0.00000,-0.00000,0.70711,0.00077,-0.05597,-0.01368,-0.99834,,,
18.523,1,4.760,4.707,-0.370,0.606,4.468,-0.398,-0.412,-0.239,-0.028,-1.018,1.046,4.709,-0.135,-0.327,1.360,-0.050,0.120,-3.349,0.085,0.447,3.380,False,True,0.70711,0.00000,-0.00000,0.70711,0.00070,-0.05527,-0.01226,-0.99840,,,
18.564,1,4.728,4.674,-0.369,0.611,4.237,-0.399,-0.416,-0.437,-0.030,-1.026,1.116,4.707,-0.145,-0.331,2.230,0.010,0.030,-2.477,0.155,0.361,2.508,False,True,0.70711,0.00000,-0.00000,0.70711,0.00070,-0.05496,-0.01213,-0.99841,,,
18.584,1,4.529,4.465,-0.364,0.664,4.160,-0.486,-0.381,-0.305,-0.122,-1.045,1.095,4.706,-0.151,-0.293,-0.000,-0.000,-0.000,-4.706,0.151,0.293,4.717,True,True,0.70711,0.00000,-0.00000,0.70711,0.00069,-0.05057,-0.01112,-0.99866,2.91437,0.25294,-0.92531
18.627,1,4.401,4.331,-0.361,0.695,4.004,-0.484,-0.325,-0.327,-0.124,-1.020,1.078,4.703,-0.156,-0.270,-0.000,-0.000,-0.000,-4.703,0.156,0.270,4.713,True,True,0.70711,0.00000,-0.00000,0.70711,0.00069,-0.04782,-0.01058,-0.99880,2.79913,0.09033,-0.92294
18.648,1,4.147,4.061,-0.353,0.764,4.088,-0.473,-0.382,0.027,-0.120,-1.146,1.152,4.697,-0.163,-0.210,-0.000,-0.000,-0.000,-4.697,0.163,0.210,4.705,True,True,0.70711,0.00000,-0.00000,0.70711,0.00072,-0.04120,-0.00996,-0.99910,2.56837,0.03274,-0.59084
18.689,1,4.115,4.027,-0.351,0.772,4.082,-0.427,-0.355,0.055,-0.076,-1.126,1.130,4.682,-0.171,-0.206,1.860,-3.240,-3.030,-2.822,-3.069,-2.824,5.035,True,True,0.70711,0.00000,-0.00000,0.70711,0.00072,-0.04039,-0.00996,-0.99913,3.00290,0.02445,-0.05726
18.731,1,4.115,4.027,-0.351,0.772,4.065,-0.379,-0.325,0.038,-0.027,-1.097,1.098,4.682,-0.171,-0.206,0.830,-0.350,-0.210,-3.852,-0.179,-0.004,3.856,True,True,0.70711,0.00000,-0.00000,0.70711,0.00072,-0.04039,-0.00996,-0.99913,3.00057,0.03451,0.01235
18.772,1,3.707,3.581,-0.336,0.896,3.919,-0.356,-0.285,0.338,-0.020,-1.181,1.228,4.646,-0.184,-0.072,-0.000,-0.000,-0.000,-4.646,0.184,0.072,4.650,True,True,0.70711,0.00000,-0.00000,0.70711,0.00077,-0.02561,-0.00937,-0.99963,2.79370,0.02094,-0.03152
18.793,1,3.575,3.440,-0.331,0.919,3.740,-0.348,-0.228,0.301,-0.017,-1.147,1.186,4.628,-0.189,-0.045,-0.000,-0.000,-0.000,-4.628,0.189,0.045,4.632,True,True,0.70711,0.00000,-0.00000,0.70711,0.00077,-0.02259,-0.00921,-0.99970,2.82470,0.02480,-0.00563
18.813,1,3.575,3.440,-0.331,0.919,3.651,-0.351,-0.214,0.211,-0.020,-1.133,1.153,4.628,-0.189,-0.045,3.700,0.340,-0.100,-0.928,0.529,-0.055,1.070,True,True,0.70711,0.00000,-0.00000,0.70711,0.00077,-0.02259,-0.00921,-0.99970,2.72197,0.02125,-0.02302
18.854,1,3.332,3.166,-0.323,0.986,3.438,-0.324,-0.218,0.272,-0.001,-1.204,1.235,4.584,-0.197,0.047,-0.000,-0.000,-0.000,-4.584,0.197,-0.047,4.589,True,True,0.70711,0.00000,-0.00000,0.70711,0.00075,-0.01224,-0.00784,-0.99989,2.49821,0.01837,0.16312
18.875,1,3.207,3.024,-0.318,1.019,3.314,-0.305,-0.252,0.290,0.013,-1.271,1.304,4.558,-0.200,0.098,-0.000,-0.000,-0.000,-4.558,0.200,-0.098,4.563,True,True,0.70711,0.00000,-0.00000,0.70711,0.00075,-0.00652,-0.00721,-0.99995,2.29896,0.05036,0.23652
18.919,1,2.966,2.749,-0.308,1.070,3.204,-0.310,-0.244,0.454,-0.001,-1.314,1.390,4.519,-0.204,0.188,-0.000,-0.000,-0.000,-4.519,0.204,-0.188,4.527,True,True,0.70711,0.00000,-0.00000,0.70711,0.00072,0.00373,-0.00617,-0.99997,2.31826,-0.00190,0.10164
18.960,1,2.937,2.716,-0.307,1.075,3.016,-0.308,-0.240,0.300,-0.001,-1.315,1.348,4.469,-0.209,0.196,-0.000,-0.000,-0.000,-4.469,0.209,-0.196,4.478,True,True,0.70711,0.00000,-0.00000,0.70711,0.00071,0.00493,-0.00605,-0.99997,2.22887,-0.00627,0.11435
19.002,1,2.755,2.504,-0.299,1.108,2.917,-0.301,-0.242,0.413,-0.002,-1.350,1.412,4.407,-0.213,0.266,-0.000,-0.000,-0.000,-4.407,0.213,-0.266,4.420,True,True,0.70711,0.00000,-0.00000,0.70711,0.00068,0.01330,-0.00555,-0.99990,2.19919,-0.00263,0.13991
19.064,1,2.566,2.288,-0.289,1.125,2.741,-0.284,-0.241,0.453,0.005,-1.366,1.439,4.339,-0.217,0.319,-0.000,-0.000,-0.000,-4.339,0.217,-0.319,4.356,True,True,0.70711,0.00000,-0.00000,0.70711,0.00063,0.01971,-0.00535,-0.99979,2.12421,-0.02209,0.13360
19.109,1,2.380,2.073,-0.280,1.135,2.068,-0.302,-0.321,-0.005,-0.023,-1.455,1.456,4.264,-0.221,0.364,1.770,-0.080,-0.020,-2.494,0.141,-0.384,2.527,False,True,0.70711,0.00000,-0.00000,0.70711,0.00057,0.02565,-0.00498,-0.99966,,,
19.150,1,2.188,1.847,-0.269,1.140,1.938,-0.296,-0.321,0.091,-0.027,-1.461,1.464,4.184,-0.224,0.413,1.950,-0.090,0.000,-2.234,0.134,-0.413,2.276,False,True,0.70711,0.00000,-0.00000,0.70711,0.00052,0.03207,-0.00451,-0.99948,,,
19.173,1,2.188,1.847,-0.269,1.140,1.741,-0.286,-0.317,-0.107,-0.017,-1.457,1.461,4.184,-0.224,0.413,4.140,-0.210,-0.120,-0.044,0.014,-0.533,0.535,False,True,0.70711,0.00000,-0.00000,0.70711,0.00052,0.03207,-0.00451,-0.99948,,,
19.993,2,28.439,28.099,-1.559,4.094,28.081,-5.603,1.217,-0.019,-4.043,-2.877,4.963,3.427,0.782,2.458,,,,,,,,True,True,0.70711,0.00000,-0.00000,0.70711,0.00515,0.10475,0.14585,0.98373,-2.68527,-0.42988,-0.11498
20.054,2,28.192,27.974,-1.780,3.013,28.345,-5.546,0.701,0.371,-3.766,-2.313,4.435,3.658,0.883,2.859,,,,,,,,True,True,0.70711,0.00000,-0.00000,0.70711,0.00299,0.12178,0.15250,0.98077,2.66264,0.51382,0.49782
20.096,2,28.035,27.853,-1.925,2.542,28.555,-5.434,-0.035,0.703,-3.509,-2.577,4.410,3.756,0.891,2.964,-0.000,-0.000,-0.000,-3.756,-0.891,-2.964,4.867,True,True,0.70711,0.00000,-0.00000,0.70711,0.00152,0.12858,0.15463,0.97957,2.50013,0.39148,0.05578
20.116,2,27.919,27.751,-2.050,2.270,28.515,-5.313,-0.542,0.764,-3.263,-2.812,4.374,3.822,0.875,3.038,-0.000,-0.000,-0.000,-3.822,-0.875,-3.038,4.960,True,True,0.70711,0.00000,-0.00000,0.70711,0.00028,0.13213,0.15450,0.97912,2.49604,0.40455,0.16391
20.137,2,27.804,27.643,-2.173,2.051,28.088,-5.135,-0.823,0.444,-2.962,-2.874,4.151,3.898,0.842,3.137,-0.000,-0.000,-0.000,-3.898,-0.842,-3.137,5.074,True,True,0.70711,0.00000,-0.00000,0.70711,-0.00099,0.13468,0.15378,0.97888,2.05447,0.42223,0.39872
20.178,2,27.682,27.524,-2.298,1.865,26.858,-4.816,-0.923,-0.665,-2.518,-2.788,3.815,3.998,0.771,3.255,,,,,,,,True,True,0.70711,0.00000,-0.00000,0.70711,-0.00235,0.13649,0.15268,0.97880,-2.38756,-0.25336,-0.31318
20.219,2,27.426,27.261,-2.537,1.596,26.625,-4.631,-1.172,-0.637,-2.094,-2.768,3.529,4.076,0.656,3.325,-0.000,-0.000,-0.000,-4.076,-0.656,-3.325,5.300,True,True,0.70711,0.00000,-0.00000,0.70711,-0.00480,0.13779,0.14788,0.97935,1.96428,0.14109,-0.06284
20.260,2,27.396,27.231,-2.563,1.573,27.108,-4.592,-1.235,-0.123,-2.029,-2.808,3.467,4.151,0.564,3.374,-0.000,-0.000,-0.000,-4.151,-0.564,-3.374,5.379,True,True,0.70711,0.00000,-0.00000,0.70711,-0.00504,0.13777,0.14710,0.97947,-2.39363,-0.17865,-0.41168
20.280,2,27.232,27.058,-2.698,1.466,21.677,-3.449,-0.955,-5.381,-0.751,-2.420,5.948,4.192,0.449,3.404,4.150,-1.270,0.310,-0.042,-1.719,-3.094,3.540,False,True,0.70711,0.00000,-0.00000,0.70711,-0.00610,0.13708,0.14101,0.98045,,,
20.301,2,27.034,26.849,-2.836,1.389,22.780,-3.484,-1.065,-4.069,-0.648,-2.454,4.796,4.235,0.305,3.433,-11.400,0.360,1.140,-15.635,0.055,-2.293,15.802,False,True,0.70711,0.00000,-0.00000,0.70711,-0.00726,0.13521,0.13380,0.98171,,,
20.384,2,26.937,26.746,-2.893,1.370,30.721,-4.066,-1.457,3.975,-1.172,-2.827,5.016,4.348,0.074,3.406,,,,,,,,False,True,0.70711,0.00000,-0.00000,0.70711,-0.00781,0.13396,0.13064,0.98231,,,
20.405,2,26.560,26.350,-3.045,1.357,33.654,-4.205,-1.601,7.304,-1.160,-2.959,7.966,4.370,-0.121,3.421,,,,,,,,False,True,0.70711,0.00000,-0.00000,0.70711,-0.00986,0.12831,0.12221,0.98413,,,
20.467,2,26.528,26.317,-3.060,1.352,26.446,-3.181,-1.322,0.129,-0.121,-2.674,2.680,4.428,-0.257,3.372,-0.000,-0.000,-0.000,-4.428,0.257,-3.372,5.572,True,True,0.70711,0.00000,-0.00000,0.70711,-0.00985,0.12777,0.12018,0.98445,-2.46001,-0.66715,-1.77789
20.488,2,26.242,26.018,-3.120,1.399,25.862,-3.106,-1.260,-0.156,0.014,-2.660,2.664,4.454,-0.446,3.345,-0.000,-0.000,-0.000,-4.454,0.446,-3.345,5.588,True,True,0.70711,0.00000,-0.00000,0.70711,-0.01088,0.12237,0.11378,0.98588,-2.44922,-0.65960,-1.74905
20.509,2,26.141,25.914,-3.131,1.409,25.423,-3.022,-1.167,-0.491,0.110,-2.576,2.625,4.451,-0.489,3.347,-0.000,-0.000,-0.000,-4.451,0.489,-3.347,5.591,True,True,0.70711,0.00000,-0.00000,0.70711,-0.01099,0.12050,0.11080,0.98645,-2.45103,-0.64664,-1.80020
20.571,2,26.046,25.818,-3.142,1.413,24.538,-2.860,-1.061,-1.280,0.282,-2.475,2.800,4.519,-0.693,3.240,-0.000,-0.000,-0.000,-4.519,0.693,-3.240,5.603,True,True,0.70711,0.00000,-0.00000,0.70711,-0.01091,0.11873,0.10685,0.98710,-2.45081,-0.64022,-1.77944
20.592,2,25.819,25.586,-3.142,1.450,24.968,-2.866,-1.005,-0.619,0.276,-2.455,2.547,4.523,-0.814,3.214,-0.000,-0.000,-0.000,-4.523,0.814,-3.214,5.608,True,True,0.70711,0.00000,-0.00000,0.70711,-0.01093,0.11431,0.10050,0.98829,-2.49797,-0.59873,-1.79485
20.613,2,25.693,25.459,-3.137,1.460,34.320,-3.710,-1.038,8.862,-0.573,-2.498,9.225,4.538,-0.907,3.176,,,,,,,,False,True,0.70711,0.00000,-0.00000,0.70711,-0.01083,0.11204,0.09659,0.98894,,,
20.634,2,25.693,25.459,-3.137,1.460,24.794,-2.654,-0.678,-0.665,0.483,-2.138,2.290,4.538,-0.907,3.176,,,,,,,,True,True,0.70711,0.00000,-0.00000,0.70711,-0.01083,0.11204,0.09659,0.98894,-2.54603,-0.62680,-1.70104
20.697,2,25.427,25.191,-3.128,1.467,25.660,-2.727,-0.653,0.469,0.401,-2.120,2.208,4.574,-1.143,3.051,-0.000,-0.000,-0.000,-4.574,1.143,-3.051,5.616,True,True,0.70711,0.00000,-0.00000,0.70711,0.00998,-0.10700,-0.08340,-0.99070,2.26407,-0.14317,-1.44503
20.717,2,25.143,24.910,-3.080,1.465,25.431,-2.699,-0.633,0.521,0.381,-2.098,2.195,4.574,-1.261,3.000,-0.000,-0.000,-0.000,-4.574,1.261,-3.000,5.614,True,True,0.70711,0.00000,-0.00000,0.70711,0.00922,-0.10241,-0.07400,-0.99194,-2.53801,-0.52078,-1.81284
20.759,2,25.143,24.910,-3.080,1.465,24.890,-2.640,-0.524,-0.021,0.439,-1.989,2.037,4.574,-1.261,3.000,-0.000,-0.000,-0.000,-4.574,1.261,-3.000,5.614,True,True,0.70711,0.00000,-0.00000,0.70711,0.00922,-0.10241,-0.07400,-0.99194,2.47027,0.56565,1.82610
20.800,2,24.870,24.643,-3.003,1.497,31.641,-3.136,-0.423,6.998,-0.134,-1.920,7.258,4.613,-1.414,2.867,2.350,-0.520,-0.970,-2.263,0.894,-3.837,4.543,False,True,0.70711,0.00000,-0.00000,0.70711,0.00903,-0.09815,-0.07120,-0.99258,,,
20.821,2,24.754,24.530,-2.967,1.492,25.718,-2.455,-0.383,1.189,0.512,-1.875,2.278,4.627,-1.468,2.815,-0.000,-0.000,-0.000,-4.627,1.468,-2.815,5.612,True,True,0.70711,0.00000,-0.00000,0.70711,0.00890,-0.09674,-0.06997,-0.99281,2.28898,-0.13849,-1.55598
20.842,2,24.488,24.271,-2.910,1.450,25.453,-2.387,-0.332,1.182,0.523,-1.782,2.201,4.633,-1.592,2.739,-0.000,-0.000,-0.000,-4.633,1.592,-2.739,5.613,True,True,0.70711,0.00000,-0.00000,0.70711,0.00763,-0.09306,-0.05699,-0.99400,2.45596,0.55991,1.72212
20.904,2,24.453,24.237,-2.901,1.449,25.068,-2.384,-0.294,0.830,0.517,-1.743,1.999,4.662,-1.659,2.647,-0.000,-0.000,-0.000,-4.662,1.659,-2.647,5.612,True,True,0.70711,0.00000,-0.00000,0.70711,0.00751,-0.09255,-0.05582,-0.99411,2.23708,-0.11036,-1.42462
20.945,2,24.221,24.012,-2.818,1.458,25.232,-2.383,-0.285,1.219,0.434,-1.743,2.171,4.677,-1.727,2.582,-0.000,-0.000,-0.000,-4.677,1.727,-2.582,5.615,True,True,0.70711,0.00000,-0.00000,0.70711,0.00713,-0.08944,-0.05299,-0.99456,2.24211,-0.12202,-1.42306
20.987,2,23.983,23.782,-2.730,1.452,39.177,-3.317,-0.136,15.395,-0.587,-1.587,15.488,4.688,-1.787,2.528,,,,,,,,False,True,0.70711,0.00000,-0.00000,0.70711,0.00670,-0.08662,-0.04987,-0.99497,,,
21.007,2,23.771,23.579,-2.652,1.434,23.352,-1.870,-0.100,-0.227,0.782,-1.535,1.737,4.693,-1.832,2.481,,,,,,,,True,True,0.70711,0.00000,-0.00000,0.70711,0.00626,-0.08434,-0.04646,-0.99533,2.18802,-0.06274,-1.37195
21.049,2,23.498,23.317,-2.571,1.362,27.888,-2.605,-0.011,4.570,-0.034,-1.373,4.772,4.697,-1.919,2.392,,,,,,,,False,True,0.70711,0.00000,-0.00000,0.70711,0.00493,-0.08163,-0.03336,-0.99609,,,
21.091,2,23.463,23.284,-2.559,1.354,21.866,-1.892,-0.047,-1.418,0.667,-1.402,2.103,4.711,-1.947,2.315,-0.000,-0.000,-0.000,-4.711,1.947,-2.315,5.599,True,True,0.70711,0.00000,-0.00000,0.70711,0.00479,-0.08131,-0.03206,-0.99616,2.13508,-0.01214,-1.28247
21.112,2,23.183,23.016,-2.458,1.291,21.032,-2.106,-0.153,-1.983,0.352,-1.444,2.478,4.714,-2.000,2.235,-0.000,-0.000,-0.000,-4.714,2.000,-2.235,5.587,True,True,0.70711,0.00000,-0.00000,0.70711,0.00378,-0.07893,-0.02279,-0.99661,2.62153,-0.06288,-0.69505
21.177,2,23.148,22.983,-2.443,1.286,22.537,-2.376,-0.020,-0.446,0.066,-1.306,1.381,4.734,-2.022,2.120,-0.000,-0.000,-0.000,-4.734,2.022,-2.120,5.567,True,True,0.70711,0.00000,-0.00000,0.70711,0.00373,-0.07868,-0.02258,-0.99664,2.35608,-0.24547,-0.17857
21.198,2,22.881,22.728,-2.329,1.258,21.192,-2.275,-0.113,-1.536,0.054,-1.370,2.059,4.737,-2.039,2.066,-0.000,-0.000,-0.000,-4.737,2.039,-2.066,5.555,True,True,0.70711,0.00000,-0.00000,0.70711,0.00331,-0.07656,-0.02020,-0.99686,2.82728,-0.16265,-0.64224
21.219,2,22.732,22.586,-2.264,1.228,20.687,-2.123,-0.137,-1.899,0.142,-1.365,2.343,4.743,-2.051,2.015,-0.000,-0.000,-0.000,-4.743,2.051,-2.015,5.547,True,True,0.70711,0.00000,-0.00000,0.70711,0.00306,-0.07570,-0.01878,-0.99695,2.66160,-0.10571,-0.80736
21.240,2,22.480,22.344,-2.172,1.173,20.348,-2.056,-0.163,-1.996,0.115,-1.336,2.405,4.747,-2.088,1.949,-0.000,-0.000,-0.000,-4.747,2.088,-1.949,5.540,True,True,0.70711,0.00000,-0.00000,0.70711,0.00216,-0.07383,-0.00969,-0.99722,2.50153,0.15565,0.89387
21.302,2,22.445,22.311,-2.158,1.167,20.047,-1.948,-0.159,-2.264,0.210,-1.326,2.632,4.761,-2.091,1.854,-0.000,-0.000,-0.000,-4.761,2.091,-1.854,5.520,True,True,0.70711,0.00000,-0.00000,0.70711,0.00206,-0.07356,-0.00860,-0.99725,2.52174,0.18094,0.91929
21.344,2,22.179,22.056,-2.045,1.132,20.195,-1.965,-0.144,-1.861,0.080,-1.276,2.258,4.764,-2.097,1.801,-0.000,-0.000,-0.000,-4.764,2.097,-1.801,5.508,True,True,0.70711,0.00000,-0.00000,0.70711,0.00165,-0.07182,-0.00570,-0.99740,2.84327,-0.13027,-0.64810
21.364,2,22.009,21.892,-1.972,1.108,20.249,-1.942,-0.162,-1.643,0.030,-1.270,2.077,4.768,-2.098,1.761,-1.520,-2.020,1.670,-6.288,0.078,-0.091,6.289,True,True,0.70711,0.00000,-0.00000,0.70711,0.00140,-0.07082,-0.00388,-0.99748,2.62177,-0.05694,-0.66176
21.427,2,21.857,21.747,-1.914,1.075,21.019,-1.924,-0.128,-0.728,-0.010,-1.203,1.406,4.776,-2.102,1.671,-0.000,-0.000,-0.000,-4.776,2.102,-1.671,5.478,True,True,0.70711,0.00000,-0.00000,0.70711,0.00094,-0.06992,0.00102,-0.99755,2.72722,-0.02673,-0.32040
21.469,2,21.622,21.520,-1.816,1.036,20.465,-1.817,-0.149,-1.055,-0.001,-1.185,1.587,4.782,-2.095,1.590,-0.000,-0.000,-0.000,-4.782,2.095,-1.590,5.457,True,True,0.70711,0.00000,-0.00000,0.70711,0.00057,-0.06870,0.00430,-0.99763,2.68539,-0.07025,-0.50033
21.489,2,21.373,21.281,-1.709,0.999,20.323,-1.725,-0.157,-0.958,-0.015,-1.156,1.501,4.785,-2.086,1.540,0.660,-2.560,0.120,-4.125,-0.474,-1.420,4.388,True,True,0.70711,0.00000,-0.00000,0.70711,0.00031,-0.06755,0.00602,-0.99770,2.54338,-0.03815,-0.12187
21.531,2,21.202,21.117,-1.643,0.963,20.005,-1.551,-0.169,-1.112,0.091,-1.133,1.590,4.787,-2.085,1.486,-0.000,-0.000,-0.000,-4.787,2.085,-1.486,5.429,True,True,0.70711,0.00000,-0.00000,0.70711,-0.00007,-0.06681,0.01036,-0.99771,2.44523,0.00670,-0.19352
21.572,2,21.063,20.982,-1.591,0.932,19.114,-1.380,-0.143,-1.868,0.211,-1.075,2.166,4.790,-2.079,1.419,-0.000,-0.000,-0.000,-4.790,2.079,-1.419,5.411,True,True,0.70711,0.00000,-0.00000,0.70711,-0.00046,-0.06621,0.01522,-0.99769,2.22286,0.05774,0.26700
21.594,2,20.897,20.822,-1.526,0.901,19.063,-1.286,-0.145,-1.759,0.240,-1.046,2.060,4.792,-2.068,1.359,-0.000,-0.000,-0.000,-4.792,2.068,-1.359,5.393,True,True,0.70711,0.00000,-0.00000,0.70711,-0.00078,-0.06553,0.01905,-0.99767,2.23710,0.00459,0.14090
21.635,2,20.747,20.676,-1.466,0.877,18.945,-1.240,-0.123,-1.731,0.226,-1.000,2.012,4.796,-2.038,1.283,7.980,-1.900,-1.650,3.184,0.138,-2.933,4.331,True,True,0.70711,0.00000,-0.00000,0.70711,-0.00097,-0.06496,0.02112,-0.99766,2.27747,0.05446,0.30404
21.678,2,20.511,20.448,-1.368,0.846,18.814,-1.189,-0.090,-1.634,0.179,-0.936,1.892,4.798,-2.011,1.234,-0.000,-0.000,-0.000,-4.798,2.011,-1.234,5.347,True,True,0.70711,0.00000,-0.00000,0.70711,-0.00112,-0.06413,0.02217,-0.99769,2.25783,0.02269,0.00127
21.698,2,20.319,20.262,-1.290,0.822,17.711,-0.986,0.002,-2.550,0.303,-0.819,2.696,4.799,-1.991,1.200,-0.000,-0.000,-0.000,-4.799,1.991,-1.200,5.333,True,True,0.70711,0.00000,-0.00000,0.70711,-0.00122,-0.06352,0.02292,-0.99772,-2.66550,-0.25868,-0.04077
21.740,2,20.179,20.125,-1.236,0.799,19.243,-1.003,0.008,-0.883,0.233,-0.792,1.209,4.801,-1.971,1.151,-0.000,-0.000,-0.000,-4.801,1.971,-1.151,5.316,True,True,0.70711,0.00000,-0.00000,0.70711,-0.00142,-0.06307,0.02547,-0.99768,2.57068,0.22390,0.63522
21.760,2,20.017,19.968,-1.174,0.776,18.311,-0.957,-0.087,-1.657,0.217,-0.863,1.880,4.802,-1.951,1.107,-0.000,-0.000,-0.000,-4.802,1.951,-1.107,5.300,True,True,0.70711,0.00000,-0.00000,0.70711,-0.00160,-0.06258,0.02763,-0.99766,2.33205,0.07962,0.47268
21.804,2,19.881,19.835,-1.122,0.758,18.649,-0.905,-0.191,-1.186,0.217,-0.949,1.534,4.803,-1.929,1.068,-0.000,-0.000,-0.000,-4.803,1.929,-1.068,5.285,True,True,0.70711,0.00000,-0.00000,0.70711,-0.00169,-0.06220,0.02881,-0.99765,2.44322,0.04695,0.63055
21.825,2,19.746,19.703,-1.072,0.738,18.110,-0.863,-0.199,-1.593,0.209,-0.937,1.860,4.803,-1.908,1.026,-0.000,-0.000,-0.000,-4.803,1.908,-1.026,5.269,True,True,0.70711,0.00000,-0.00000,0.70711,-0.00186,-0.06183,0.03106,-0.99760,2.33674,-0.11997,-0.03425
21.846,2,19.611,19.571,-1.021,0.720,18.137,-0.837,-0.072,-1.435,0.183,-0.792,1.649,4.804,-1.884,0.989,-0.000,-0.000,-0.000,-4.804,1.884,-0.989,5.254,True,True,0.70711,0.00000,-0.00000,0.70711,-0.00195,-0.06151,0.03229,-0.99758,-2.76236,-0.03888,0.09008
21.867,2,19.611,19.571,-1.021,0.720,18.156,-0.828,-0.119,-1.415,0.192,-0.839,1.656,4.804,-1.884,0.989,-1.010,-0.240,5.650,-5.814,1.644,4.661,7.631,True,True,0.70711,0.00000,-0.00000,0.70711,-0.00195,-0.06151,0.03229,-0.99758,2.35192,0.16014,0.46287
21.928,2,19.311,19.277,-0.911,0.682,18.318,-0.877,-0.234,-0.959,0.033,-0.916,1.326,4.805,-1.812,0.888,-0.000,-0.000,-0.000,-4.805,1.812,-0.888,5.212,True,True,0.70711,0.00000,-0.00000,0.70711,0.00218,0.06078,-0.03545,0.99752,2.46835,0.32382,0.72995
21.949,2,19.311,19.277,-0.911,0.682,18.555,-0.835,-0.236,-0.722,0.075,-0.918,1.171,4.805,-1.812,0.888,,,,,,,,True,True,0.70711,0.00000,-0.00000,0.70711,0.00218,0.06078,-0.03545,0.99752,2.32610,0.11398,0.20552
21.991,2,18.940,18.913,-0.779,0.639,19.122,-0.751,-0.202,0.209,0.028,-0.841,0.867,4.805,-1.751,0.815,-0.000,-0.000,-0.000,-4.805,1.751,-0.815,5.179,True,True,0.70711,0.00000,-0.00000,0.70711,0.00246,0.06000,-0.03967,0.99741,2.45331,0.28904,0.42183
22.011,2,18.677,18.655,-0.687,0.612,18.250,-0.674,-0.415,-0.404,0.013,-1.027,1.103,4.805,-1.719,0.788,-0.000,-0.000,-0.000,-4.805,1.719,-0.788,5.164,True,True,0.70711,0.00000,-0.00000,0.70711,0.00250,0.05953,-0.04009,0.99742,2.43045,-0.26570,0.38119
22.073,2,18.643,18.621,-0.675,0.608,18.024,-0.725,-0.383,-0.597,-0.049,-0.991,1.158,4.805,-1.654,0.720,-0.000,-0.000,-0.000,-4.805,1.654,-0.720,5.133,True,True,0.70711,0.00000,-0.00000,0.70711,0.00253,0.05947,-0.04057,0.99740,2.75292,-0.36085,-0.79366
22.094,2,18.643,18.621,-0.675,0.608,18.298,-0.687,-0.328,-0.323,-0.012,-0.936,0.990,4.805,-1.654,0.720,,,,,,,,True,True,0.70711,0.00000,-0.00000,0.70711,0.00253,0.05947,-0.04057,0.99740,2.29992,0.06809,0.37658
22.135,2,18.216,18.199,-0.532,0.568,18.007,-0.621,-0.459,-0.192,-0.089,-1.028,1.049,4.804,-1.599,0.680,-0.000,-0.000,-0.000,-4.804,1.599,-0.680,5.108,True,True,0.70711,0.00000,-0.00000,0.70711,0.00257,0.05880,-0.04114,0.99742,2.25636,-0.35495,-0.42362
22.156,2,18.101,18.085,-0.493,0.559,17.376,-0.622,-0.423,-0.709,-0.129,-0.982,1.219,4.803,-1.570,0.663,-0.000,-0.000,-0.000,-4.803,1.570,-0.663,5.097,True,True,0.70711,0.00000,-0.00000,0.70711,0.00253,0.05863,-0.04049,0.99746,2.75165,-0.32035,-0.84370
22.177,2,17.873,17.860,-0.424,0.537,16.786,-0.599,-0.391,-1.074,-0.175,-0.928,1.430,4.803,-1.544,0.631,-0.000,-0.000,-0.000,-4.803,1.544,-0.631,5.084,True,True,0.70711,0.00000,-0.00000,0.70711,0.00270,0.05831,-0.04356,0.99734,2.75515,-0.26276,-0.91911
22.239,2,17.615,17.604,-0.346,0.515,17.004,-0.574,-0.423,-0.600,-0.228,-0.938,1.137,4.801,-1.462,0.556,-0.000,-0.000,-0.000,-4.801,1.462,-0.556,5.049,True,True,0.70711,0.00000,-0.00000,0.70711,0.00279,0.05800,-0.04513,0.99729,2.76701,-0.25979,-0.79302
22.260,2,17.615,17.604,-0.346,0.515,17.145,-0.556,-0.425,-0.459,-0.210,-0.940,1.067,4.801,-1.462,0.556,-0.000,-0.000,-0.000,-4.801,1.462,-0.556,5.049,True,True,0.70711,0.00000,-0.00000,0.70711,0.00279,0.05800,-0.04513,0.99729,2.72750,-0.26807,-0.78227
22.280,2,17.382,17.373,-0.278,0.496,17.417,-0.511,-0.489,0.044,-0.233,-0.985,1.013,4.800,-1.429,0.529,-0.000,-0.000,-0.000,-4.800,1.429,-0.529,5.036,True,True,0.70711,0.00000,-0.00000,0.70711,0.00284,0.05777,-0.04618,0.99726,2.69847,-0.26223,-0.64802
22.321,2,17.349,17.340,-0.268,0.493,16.965,-0.433,-0.519,-0.375,-0.164,-1.012,1.092,4.799,-1.388,0.501,-0.000,-0.000,-0.000,-4.799,1.388,-0.501,5.021,True,True,0.70711,0.00000,-0.00000,0.70711,0.00284,0.05773,-0.04630,0.99725,2.62443,-0.25262,-0.72716
22.342,2,17.073,17.066,-0.191,0.475,16.375,-0.365,-0.577,-0.691,-0.173,-1.051,1.270,4.798,-1.357,0.481,-0.000,-0.000,-0.000,-4.798,1.357,-0.481,5.009,True,True,0.70711,0.00000,-0.00000,0.70711,0.00291,0.05742,-0.04767,0.99721,2.65948,-0.24476,-0.76066
22.383,2,17.040,17.032,-0.182,0.473,16.272,-0.349,-0.551,-0.760,-0.167,-1.023,1.286,4.797,-1.311,0.453,-2.270,-0.080,-2.930,-7.067,1.231,-3.383,7.931,True,True,0.70711,0.00000,-0.00000,0.70711,0.00290,0.05738,-0.04742,0.99722,2.62987,-0.20423,-0.83348
22.404,2,16.844,16.838,-0.129,0.460,16.606,-0.277,-0.600,-0.232,-0.147,-1.060,1.095,4.796,-1.284,0.437,-0.000,-0.000,-0.000,-4.796,1.284,-0.437,4.984,True,True,0.70711,0.00000,-0.00000,0.70711,0.00290,0.05721,-0.04772,0.99722,2.68660,-0.24390,-0.50494
22.445,2,16.583,16.577,-0.062,0.444,16.220,-0.230,-0.633,-0.356,-0.169,-1.077,1.147,4.794,-1.240,0.413,-0.000,-0.000,-0.000,-4.794,1.240,-0.413,4.969,True,True,0.70711,0.00000,-0.00000,0.70711,0.00291,0.05699,-0.04817,0.99721,2.54127,-0.22179,-0.54888
22.486,2,16.583,16.577,-0.062,0.444,16.091,-0.198,-0.646,-0.486,-0.137,-1.090,1.201,4.794,-1.240,0.413,3.240,-1.590,0.380,-1.554,-0.350,-0.033,1.593,True,True,0.70711,0.00000,-0.00000,0.70711,0.00291,0.05699,-0.04817,0.99721,2.56852,-0.21160,-0.58748
22.527,2,16.315,16.309,0.004,0.428,15.954,-0.166,-0.661,-0.355,-0.169,-1.089,1.158,4.791,-1.150,0.357,-0.000,-0.000,-0.000,-4.791,1.150,-0.357,4.940,True,True,0.70711,0.00000,-0.00000,0.70711,0.00298,0.05681,-0.04958,0.99715,2.57312,-0.21725,-0.61943
22.569,2,16.172,16.167,0.038,0.420,15.910,-0.113,-0.682,-0.257,-0.152,-1.102,1.141,4.790,-1.115,0.345,-0.000,-0.000,-0.000,-4.790,1.115,-0.345,4.930,True,True,0.70711,0.00000,-0.00000,0.70711,0.00291,0.05673,-0.04842,0.99721,2.59491,-0.21542,-0.49127
22.590,2,16.025,16.019,0.072,0.412,16.029,-0.073,-0.705,0.010,-0.146,-1.117,1.126,4.788,-1.083,0.329,-0.000,-0.000,-0.000,-4.788,1.083,-0.329,4.920,True,True,0.70711,0.00000,-0.00000,0.70711,0.00291,0.05663,-0.04864,0.99721,2.65506,-0.17531,-0.46931
22.610,2,15.895,15.889,0.101,0.405,15.946,-0.014,-0.714,0.056,-0.114,-1.119,1.126,4.787,-1.044,0.307,8.280,-3.800,0.300,3.493,-2.756,-0.007,4.449,True,True,0.70711,0.00000,-0.00000,0.70711,0.00296,0.05656,-0.04966,0.99716,2.61966,-0.21607,-0.42404
22.651,2,15.731,15.725,0.136,0.397,15.557,0.085,-0.700,-0.168,-0.051,-1.097,1.111,4.786,-1.012,0.292,-0.000,-0.000,-0.000,-4.786,1.012,-0.292,4.900,True,True,0.70711,0.00000,-0.00000,0.70711,0.00296,0.05649,-0.04985,0.99715,3.13417,-0.13825,0.21298
22.672,2,15.597,15.591,0.164,0.391,15.294,0.139,-0.704,-0.297,-0.025,-1.094,1.134,4.784,-0.981,0.277,14.000,-3.010,0.600,9.216,-2.029,0.323,9.442,True,True,0.70711,0.00000,-0.00000,0.70711,0.00294,0.05642,-0.04969,0.99717,3.15520,-0.10609,0.38141
22.735,2,15.432,15.426,0.198,0.383,14.700,0.210,-0.725,-0.725,0.012,-1.108,1.325,4.782,-0.921,0.247,-0.000,-0.000,-0.000,-4.782,0.921,-0.247,4.876,True,True,0.70711,0.00000,-0.00000,0.70711,0.00294,0.05635,-0.04978,0.99717,2.40045,-0.12221,0.40623
22.756,2,15.216,15.209,0.238,0.375,14.248,0.264,-0.686,-0.961,0.025,-1.061,1.432,4.781,-0.889,0.230,-0.000,-0.000,-0.000,-4.781,0.889,-0.230,4.868,True,True,0.70711,0.00000,-0.00000,0.70711,0.00300,0.05626,-0.05109,0.99710,3.27746,-0.17126,0.17155
22.780,2,15.085,15.078,0.263,0.370,14.038,0.295,-0.678,-1.040,0.032,-1.048,1.477,4.780,-0.858,0.219,8.130,-1.440,0.080,3.350,-0.582,-0.139,3.404,True,True,0.70711,0.00000,-0.00000,0.70711,0.00294,0.05622,-0.05019,0.99715,-2.97400,0.11925,-0.11912
22.821,2,14.951,14.943,0.288,0.364,13.819,0.331,-0.678,-1.125,0.043,-1.042,1.534,4.778,-0.826,0.208,-0.000,-0.000,-0.000,-4.778,0.826,-0.208,4.854,True,True,0.70711,0.00000,-0.00000,0.70711,0.00289,0.05617,-0.04929,0.99720,-2.96432,0.10098,-0.15756
22.842,2,14.679,14.671,0.334,0.355,13.812,0.352,-0.688,-0.859,0.018,-1.043,1.352,4.777,-0.787,0.192,-0.000,-0.000,-0.000,-4.777,0.787,-0.192,4.845,True,True,0.70711,0.00000,-0.00000,0.70711,0.00288,0.05609,-0.04933,0.99720,-2.98395,0.11527,-0.12488
22.905,2,14.646,14.638,0.339,0.354,14.036,0.331,-0.699,-0.602,-0.008,-1.053,1.213,4.774,-0.736,0.169,-0.000,-0.000,-0.000,-4.774,0.736,-0.169,4.834,True,True,0.70711,0.00000,-0.00000,0.70711,0.00287,0.05608,-0.04928,0.99721,-3.03067,0.06177,-0.11226
22.925,2,14.427,14.418,0.373,0.348,14.026,0.338,-0.714,-0.392,-0.036,-1.061,1.132,4.773,-0.705,0.154,-0.000,-0.000,-0.000,-4.773,0.705,-0.154,4.827,True,True,0.70711,0.00000,-0.00000,0.70711,0.00286,0.05602,-0.04923,0.99721,-2.99043,0.06133,-0.20583
22.946,2,14.299,14.289,0.392,0.344,13.942,0.346,-0.718,-0.347,-0.046,-1.062,1.118,4.772,-0.677,0.142,-0.000,-0.000,-0.000,-4.772,0.677,-0.142,4.822,True,True,0.70711,0.00000,-0.00000,0.70711,0.00285,0.05600,-0.04918,0.99721,-3.02919,0.03119,-0.12742
22.967,2,14.175,14.165,0.410,0.341,13.896,0.335,-0.759,-0.269,-0.075,-1.100,1.135,4.771,-0.647,0.132,2.010,1.020,2.990,-2.761,1.667,2.858,4.309,True,True,0.70711,0.00000,-0.00000,0.70711,0.00284,0.05597,-0.04902,0.99722,2.53446,-0.11201,-0.45011
23.028,2,14.008,13.997,0.433,0.337,13.832,0.383,-0.787,-0.165,-0.050,-1.124,1.137,4.768,-0.590,0.111,-0.000,-0.000,-0.000,-4.768,0.590,-0.111,4.806,True,True,0.70711,0.00000,-0.00000,0.70711,0.00279,0.05593,-0.04830,0.99726,3.11010,-0.11623,0.16585
23.049,2,13.781,13.769,0.462,0.332,13.730,0.400,-0.783,-0.039,-0.062,-1.115,1.118,4.767,-0.561,0.101,7.070,-0.320,-0.370,2.303,0.241,-0.471,2.363,True,True,0.70711,0.00000,-0.00000,0.70711,0.00275,0.05588,-0.04781,0.99729,3.12853,-0.07915,0.26247
23.091,2,13.655,13.643,0.477,0.329,13.489,0.425,-0.797,-0.154,-0.052,-1.126,1.138,4.766,-0.534,0.094,-0.000,-0.000,-0.000,-4.766,0.534,-0.094,4.796,True,True,0.70711,0.00000,-0.00000,0.70711,0.00268,0.05586,-0.04662,0.99735,3.10747,-0.05849,0.25272
23.111,2,13.397,13.383,0.507,0.324,13.439,0.433,-0.827,0.055,-0.074,-1.151,1.154,4.764,-0.500,0.083,-0.000,-0.000,-0.000,-4.764,0.500,-0.083,4.791,True,True,0.70711,0.00000,-0.00000,0.70711,0.00260,0.05583,-0.04526,0.99741,2.59156,-0.10631,-0.33576
23.173,2,13.364,13.350,0.510,0.323,13.104,0.477,-0.808,-0.246,-0.033,-1.132,1.159,4.762,-0.456,0.064,-0.000,-0.000,-0.000,-4.762,0.456,-0.064,4.785,True,True,0.70711,0.00000,-0.00000,0.70711,0.00259,0.05582,-0.04517,0.99742,3.15015,-0.03680,0.25652
23.214,2,13.148,13.133,0.531,0.321,12.978,0.504,-0.803,-0.155,-0.028,-1.123,1.134,4.760,-0.413,0.049,-0.000,-0.000,-0.000,-4.760,0.413,-0.049,4.778,True,True,0.70711,0.00000,-0.00000,0.70711,0.00257,0.05580,-0.04483,0.99743,3.14201,-0.06059,0.17519
23.235,2,12.933,12.917,0.551,0.318,12.850,0.513,-0.799,-0.068,-0.038,-1.117,1.120,4.759,-0.383,0.041,-0.000,-0.000,-0.000,-4.759,0.383,-0.041,4.774,True,True,0.70711,0.00000,-0.00000,0.70711,0.00253,0.05578,-0.04429,0.99746,3.16108,-0.07677,0.08791
23.277,2,12.778,12.761,0.564,0.316,12.406,0.541,-0.789,-0.355,-0.023,-1.105,1.161,4.758,-0.360,0.034,6.260,-0.460,-0.270,1.502,-0.100,-0.304,1.536,True,True,0.70711,0.00000,-0.00000,0.70711,0.00246,0.05577,-0.04309,0.99751,3.20025,-0.01433,0.24342
23.318,2,12.553,12.536,0.581,0.313,12.427,0.547,-0.830,-0.109,-0.034,-1.144,1.149,4.756,-0.317,0.018,-0.000,-0.000,-0.000,-4.756,0.317,-0.018,4.766,True,True,0.70711,0.00000,-0.00000,0.70711,0.00239,0.05575,-0.04202,0.99756,2.58816,-0.06033,-0.35011
23.339,2,12.310,12.291,0.597,0.312,12.237,0.570,-0.811,-0.054,-0.027,-1.123,1.124,4.754,-0.286,0.005,-0.000,-0.000,-0.000,-4.754,0.286,-0.005,4.763,True,True,0.70711,0.00000,-0.00000,0.70711,0.00233,0.05574,-0.04105,0.99760,3.15547,-0.05310,0.13367
23.401,2,12.277,12.258,0.599,0.312,11.925,0.604,-0.781,-0.333,0.005,-1.093,1.142,4.752,-0.244,-0.013,-0.000,-0.000,-0.000,-4.752,0.244,0.013,4.759,True,True,0.70711,0.00000,-0.00000,0.70711,0.00232,0.05574,-0.04084,0.99761,3.19490,0.01109,0.37365
23.442,2,12.042,12.023,0.612,0.312,12.035,0.610,-0.803,0.012,-0.002,-1.115,1.115,4.751,-0.208,-0.025,-0.000,-0.000,-0.000,-4.751,0.208,0.025,4.755,True,True,0.70711,0.00000,-0.00000,0.70711,0.00228,0.05573,-0.04025,0.99763,3.08397,-0.03337,0.19118
23.463,2,11.844,11.824,0.623,0.310,11.782,0.645,-0.842,-0.041,0.023,-1.152,1.153,4.750,-0.191,-0.029,-0.000,-0.000,-0.000,-4.750,0.191,0.029,4.754,True,True,0.70711,0.00000,-0.00000,0.70711,0.00215,0.05572,-0.03798,0.99772,2.53520,-0.05281,-0.04925
23.483,2,11.742,11.721,0.627,0.310,11.648,0.649,-0.826,-0.072,0.022,-1.136,1.138,4.749,-0.171,-0.036,5.760,0.270,-1.800,1.011,0.441,-1.764,2.081,True,True,0.70711,0.00000,-0.00000,0.70711,0.00210,0.05572,-0.03702,0.99776,3.15444,0.02184,0.16590
23.524,2,11.615,11.594,0.632,0.310,11.309,0.645,-0.774,-0.285,0.013,-1.084,1.121,4.748,-0.149,-0.044,-0.000,-0.000,-0.000,-4.748,0.149,0.044,4.750,True,True,0.70711,0.00000,-0.00000,0.70711,0.00207,0.05572,-0.03659,0.99777,3.26092,0.00533,0.19202
23.545,2,11.351,11.329,0.641,0.311,11.149,0.660,-0.774,-0.181,0.019,-1.085,1.100,4.746,-0.123,-0.054,-0.000,-0.000,-0.000,-4.746,0.123,0.054,4.748,True,True,0.70711,0.00000,-0.00000,0.70711,0.00199,0.05571,-0.03523,0.99782,3.15456,0.03018,0.28307
23.586,2,11.319,11.296,0.642,0.311,10.987,0.653,-0.770,-0.309,0.012,-1.081,1.124,4.745,-0.091,-0.069,9.400,0.770,-0.330,4.655,0.861,-0.261,4.742,True,True,0.70711,0.00000,-0.00000,0.70711,0.00198,0.05571,-0.03506,0.99783,3.24906,-0.11364,-0.11078
23.628,2,11.106,11.083,0.646,0.314,10.752,0.653,-0.757,-0.331,0.007,-1.071,1.121,4.743,-0.065,-0.078,6.030,-0.470,-0.660,1.287,-0.405,-0.582,1.469,True,True,0.70711,0.00000,-0.00000,0.70711,0.00196,0.05571,-0.03479,0.99784,3.30088,-0.04087,0.07064
23.669,2,10.941,10.918,0.649,0.316,10.490,0.667,-0.741,-0.427,0.018,-1.057,1.141,4.742,-0.034,-0.088,9.630,-0.760,-0.420,4.888,-0.726,-0.332,4.953,True,True,0.70711,0.00000,-0.00000,0.70711,0.00194,0.05571,-0.03441,0.99785,3.25105,-0.07310,0.11963
23.690,2,10.941,10.918,0.649,0.316,10.289,0.681,-0.731,-0.629,0.032,-1.047,1.222,4.742,-0.034,-0.088,2.260,-0.220,-0.080,-2.482,-0.186,0.008,2.489,True,True,0.70711,0.00000,-0.00000,0.70711,0.00194,0.05571,-0.03441,0.99785,3.25956,-0.06169,0.03804
23.731,2,10.613,10.588,0.652,0.320,9.995,0.729,-0.775,-0.594,0.076,-1.095,1.248,4.740,0.001,-0.100,-0.000,-0.000,-0.000,-4.740,-0.001,0.100,4.741,True,True,0.70711,0.00000,-0.00000,0.70711,0.00184,0.05571,-0.03269,0.99791,2.47549,0.01745,0.26642
23.775,2,10.493,10.468,0.653,0.321,9.747,0.719,-0.776,-0.721,0.066,-1.097,1.315,4.738,0.026,-0.111,-0.000,-0.000,-0.000,-4.738,-0.026,0.111,4.740,True,True,0.70711,0.00000,-0.00000,0.70711,0.00179,0.05571,-0.03178,0.99794,2.42709,0.02105,0.20583
23.796,2,10.299,10.273,0.653,0.324,9.660,0.712,-0.722,-0.613,0.059,-1.047,1.215,4.737,0.049,-0.121,2.380,0.360,-4.030,-2.357,0.311,-3.909,4.575,True,True,0.70711,0.00000,-0.00000,0.70711,0.00173,0.05572,-0.03075,0.99797,3.35547,-0.08154,-0.06992
23.837,2,10.130,10.104,0.652,0.327,9.495,0.717,-0.743,-0.609,0.065,-1.069,1.232,4.736,0.068,-0.129,-0.000,-0.000,-0.000,-4.736,-0.068,0.129,4.738,True,True,0.70711,0.00000,-0.00000,0.70711,0.00164,0.05572,-0.02929,0.99802,2.61077,0.03509,0.32054
23.878,2,9.978,9.952,0.651,0.329,9.416,0.723,-0.702,-0.536,0.072,-1.031,1.164,4.735,0.086,-0.137,-0.000,-0.000,-0.000,-4.735,-0.086,0.137,4.738,True,True,0.70711,0.00000,-0.00000,0.70711,0.00157,0.05573,-0.02791,0.99805,3.19213,-0.03486,0.10429
23.899,2,9.826,9.799,0.649,0.332,9.400,0.716,-0.699,-0.399,0.067,-1.031,1.108,4.734,0.105,-0.146,-0.120,0.650,0.450,-4.854,0.545,0.596,4.921,True,True,0.70711,0.00000,-0.00000,0.70711,0.00150,0.05573,-0.02676,0.99809,3.18033,-0.06316,0.13972
23.920,2,9.662,9.634,0.646,0.336,9.069,0.702,-0.749,-0.566,0.056,-1.085,1.225,4.733,0.116,-0.151,-0.000,-0.000,-0.000,-4.733,-0.116,0.151,4.737,True,True,0.70711,0.00000,-0.00000,0.70711,0.00147,0.05573,-0.02629,0.99810,2.57540,0.04657,0.32274
23.961,2,9.561,9.534,0.643,0.339,9.028,0.708,-0.708,-0.505,0.064,-1.047,1.164,4.732,0.132,-0.158,-0.000,-0.000,-0.000,-4.732,-0.132,0.158,4.737,True,True,0.70711,0.00000,-0.00000,0.70711,0.00145,0.05574,-0.02585,0.99811,3.16598,-0.02308,0.09971
23.982,2,9.419,9.391,0.640,0.342,8.822,0.699,-0.743,-0.569,0.058,-1.085,1.227,4.731,0.147,-0.165,-0.000,-0.000,-0.000,-4.731,-0.147,0.165,4.736,True,True,0.70711,0.00000,-0.00000,0.70711,0.00139,0.05574,-0.02473,0.99814,2.57143,0.04537,0.30455
24.023,2,9.277,9.248,0.636,0.346,8.819,0.715,-0.744,-0.429,0.078,-1.090,1.174,4.730,0.162,-0.172,-0.000,-0.000,-0.000,-4.730,-0.162,0.172,4.736,True,True,0.70711,0.00000,-0.00000,0.70711,0.00136,0.05575,-0.02424,0.99815,2.57289,0.03825,0.21238
24.044,2,8.998,8.969,0.627,0.355,8.680,0.706,-0.681,-0.289,0.079,-1.035,1.078,4.729,0.178,-0.181,-0.000,-0.000,-0.000,-4.729,-0.178,0.181,4.736,True,True,0.70711,0.00000,-0.00000,0.70711,0.00128,0.05575,-0.02289,0.99818,3.22584,-0.01342,0.06975
24.105,2,8.763,8.734,0.618,0.363,8.493,0.702,-0.636,-0.240,0.084,-0.999,1.031,4.727,0.210,-0.197,-0.000,-0.000,-0.000,-4.727,-0.210,0.197,4.736,True,True,0.70711,0.00000,-0.00000,0.70711,0.00124,0.05576,-0.02214,0.99820,3.24790,-0.01356,0.02940
24.126,2,8.763,8.734,0.618,0.363,8.465,0.702,-0.669,-0.268,0.084,-1.032,1.070,4.727,0.210,-0.197,-1.050,-0.060,3.230,-5.777,-0.270,3.427,6.723,True,True,0.70711,0.00000,-0.00000,0.70711,0.00124,0.05576,-0.02214,0.99820,2.59076,0.04136,0.23224
24.147,2,8.633,8.603,0.613,0.367,8.050,0.733,-0.571,-0.553,0.120,-0.938,1.096,4.726,0.222,-0.203,-0.000,-0.000,-0.000,-4.726,-0.222,0.203,4.736,True,True,0.70711,0.00000,-0.00000,0.70711,0.00119,0.05576,-0.02121,0.99822,3.43011,-0.06619,0.03719
24.168,2,8.506,8.476,0.608,0.372,8.000,0.721,-0.563,-0.476,0.113,-0.935,1.055,4.726,0.232,-0.208,-3.260,1.450,1.090,-7.986,1.218,1.298,8.182,True,True,0.70711,0.00000,-0.00000,0.70711,0.00113,0.05577,-0.02020,0.99824,3.36674,-0.07233,0.12356
24.230,2,8.349,8.319,0.601,0.377,8.009,0.647,-0.703,-0.310,0.045,-1.081,1.125,4.724,0.252,-0.220,-0.000,-0.000,-0.000,-4.724,-0.252,0.220,4.736,True,True,0.70711,0.00000,-0.00000,0.70711,0.00108,0.05577,-0.01925,0.99826,2.64414,-0.10339,0.09158
24.271,2,8.129,8.099,0.591,0.386,8.006,0.634,-0.735,-0.092,0.043,-1.121,1.126,4.723,0.268,-0.229,0.850,-0.190,-0.050,-3.873,-0.458,0.179,3.904,True,True,0.70711,0.00000,-0.00000,0.70711,0.00100,0.05578,-0.01795,0.99828,2.67982,-0.09798,0.09835
24.314,2,7.912,7.881,0.579,0.395,7.717,0.660,-0.634,-0.163,0.081,-1.030,1.046,4.722,0.283,-0.236,,,,,,,,True,True,0.70711,0.00000,-0.00000,0.70711,0.00097,0.05578,-0.01734,0.99829,3.46431,-0.03821,-0.09858
24.356,2,7.700,7.668,0.567,0.405,7.446,0.633,-0.674,-0.222,0.066,-1.079,1.104,4.721,0.293,-0.242,-0.000,-0.000,-0.000,-4.721,-0.293,0.242,4.736,True,True,0.70711,0.00000,-0.00000,0.70711,0.00093,0.05579,-0.01663,0.99830,2.58496,-0.08050,0.18653
24.376,2,7.412,7.379,0.551,0.417,7.325,0.623,-0.692,-0.054,0.072,-1.109,1.113,4.720,0.302,-0.251,3.690,0.000,-0.260,-1.030,-0.302,-0.009,1.074,True,True,0.70711,0.00000,-0.00000,0.70711,-0.00076,-0.05581,0.01365,-0.99835,2.59621,-0.04623,0.18306
24.447,2,7.379,7.347,0.549,0.418,6.289,0.571,-0.609,-1.057,0.022,-1.027,1.474,4.719,0.314,-0.260,-0.000,-0.000,-0.000,-4.719,-0.314,0.260,4.737,True,True,0.70711,0.00000,-0.00000,0.70711,-0.00075,-0.05581,0.01336,-0.99835,2.27890,-0.10277,0.40933
24.468,2,7.165,7.132,0.536,0.429,5.937,0.565,-0.577,-1.195,0.029,-1.006,1.562,4.718,0.321,-0.266,-0.000,-0.000,-0.000,-4.718,-0.321,0.266,4.737,True,True,0.70711,0.00000,-0.00000,0.70711,-0.00071,-0.05582,0.01270,-0.99836,2.27616,-0.08101,0.37287
24.489,2,7.032,6.998,0.527,0.436,5.681,0.554,-0.548,-1.318,0.026,-0.984,1.645,4.718,0.327,-0.271,-0.000,-0.000,-0.000,-4.718,-0.327,0.271,4.737,True,True,0.70711,0.00000,-0.00000,0.70711,-0.00068,-0.05582,0.01210,-0.99837,2.29873,-0.04633,0.41012
24.512,2,6.901,6.867,0.519,0.443,5.546,0.545,-0.533,-1.321,0.026,-0.976,1.643,4.717,0.333,-0.276,5.800,0.480,-0.660,1.083,0.147,-0.384,1.158,True,True,0.70711,0.00000,-0.00000,0.70711,-0.00065,-0.05583,0.01155,-0.99837,2.28790,-0.04316,0.39155
24.554,2,6.641,6.606,0.502,0.456,5.018,0.515,-0.460,-1.588,0.013,-0.916,1.834,4.716,0.340,-0.283,-0.000,-0.000,-0.000,-4.716,-0.340,0.283,4.737,True,True,0.70711,0.00000,-0.00000,0.70711,-0.00055,-0.05584,0.00987,-0.99839,2.27577,-0.00935,0.55726
24.595,2,6.608,6.573,0.500,0.458,4.847,0.504,-0.442,-1.727,0.005,-0.900,1.947,4.715,0.349,-0.292,5.310,0.380,-0.260,0.595,0.031,0.032,0.597,True,True,0.70711,0.00000,-0.00000,0.70711,-0.00054,-0.05584,0.00962,-0.99839,2.27378,0.04795,0.52920
24.660,2,6.367,6.331,0.483,0.472,4.726,0.496,-0.433,-1.605,0.014,-0.905,1.843,4.714,0.356,-0.300,-0.000,-0.000,-0.000,-4.714,-0.356,0.300,4.737,True,True,0.70711,0.00000,-0.00000,0.70711,-0.00049,-0.05585,0.00885,-0.99840,2.28883,0.02566,0.51183
24.704,2,6.147,6.111,0.466,0.485,4.753,0.410,-0.392,-1.357,-0.057,-0.877,1.617,4.713,0.364,-0.306,-0.000,-0.000,-0.000,-4.713,-0.364,0.306,4.737,True,True,0.70711,0.00000,-0.00000,0.70711,-0.00046,-0.05585,0.00830,-0.99840,-2.73714,0.13190,0.90452
24.745,2,5.912,5.874,0.449,0.500,4.036,0.325,-0.245,-1.838,-0.124,-0.745,1.987,4.712,0.369,-0.313,-0.000,-0.000,-0.000,-4.712,-0.369,0.313,4.737,True,True,0.70711,0.00000,-0.00000,0.70711,-0.00042,-0.05586,0.00753,-0.99841,-2.40525,0.45037,1.31325
24.766,2,5.706,5.666,0.435,0.512,4.814,0.343,-0.381,-0.851,-0.092,-0.893,1.237,4.712,0.371,-0.318,-0.000,-0.000,-0.000,-4.712,-0.371,0.318,4.737,True,True,0.70711,0.00000,-0.00000,0.70711,-0.00032,-0.05587,0.00568,-0.99842,-2.99027,0.05043,0.77814
24.808,2,5.604,5.564,0.427,0.518,4.177,0.309,-0.274,-1.386,-0.119,-0.792,1.601,4.711,0.373,-0.323,-0.000,-0.000,-0.000,-4.711,-0.373,0.323,4.737,True,True,0.70711,0.00000,-0.00000,0.70711,-0.00029,-0.05587,0.00513,-0.99842,-2.67075,0.46624,1.48176
24.829,2,5.453,5.412,0.416,0.528,4.918,0.403,-0.434,-0.493,-0.013,-0.962,1.081,4.711,0.375,-0.328,-0.000,-0.000,-0.000,-4.711,-0.375,0.328,4.737,True,True,0.70711,0.00000,-0.00000,0.70711,-0.00024,-0.05588,0.00435,-0.99843,-3.36625,0.05676,-0.11661
24.851,2,5.322,5.279,0.407,0.536,5.012,0.441,-0.446,-0.268,0.034,-0.982,1.019,4.710,0.376,-0.333,5.520,-1.260,-1.770,0.810,-1.636,-1.437,2.323,True,True,0.70711,0.00000,-0.00000,0.70711,-0.00019,-0.05588,0.00343,-0.99843,-3.12801,0.09702,-0.38506
24.872,2,5.196,5.152,0.397,0.545,4.667,0.406,-0.379,-0.485,0.008,-0.923,1.043,4.710,0.377,-0.337,,,,,,,,True,True,0.70711,0.00000,-0.00000,0.70711,-0.00015,-0.05589,0.00272,-0.99843,2.78922,-0.39533,-1.39001
24.938,2,5.041,4.995,0.386,0.555,4.160,0.459,-0.307,-0.835,0.074,-0.863,1.203,4.709,0.378,-0.345,-0.000,-0.000,-0.000,-4.709,-0.378,0.345,4.736,True,True,0.70711,0.00000,-0.00000,0.70711,-0.00011,-0.05589,0.00191,-0.99843,2.78435,-0.16273,1.20968
24.958,2,4.842,4.794,0.370,0.576,4.106,0.491,-0.340,-0.688,0.121,-0.916,1.152,4.708,0.377,-0.344,-0.000,-0.000,-0.000,-4.708,-0.377,0.344,4.736,True,True,0.70711,0.00000,-0.00000,0.70711,0.00006,0.05520,-0.00099,0.99847,2.56448,-0.20141,0.86263
24.979,2,4.711,4.660,0.360,0.590,4.330,0.368,-0.407,-0.330,0.008,-0.997,1.050,4.707,0.377,-0.343,1.800,0.150,0.040,-2.907,-0.227,0.383,2.941,False,True,0.70711,0.00000,-0.00000,0.70711,0.00004,0.05470,-0.00075,0.99850,,,
24.999,2,4.711,4.660,0.360,0.590,3.897,0.455,-0.300,-0.763,0.095,-0.890,1.176,4.707,0.377,-0.343,13.000,-2.610,-3.220,8.293,-2.987,-2.877,9.272,True,True,0.70711,0.00000,-0.00000,0.70711,0.00004,0.05470,-0.00075,0.99850,2.84543,-0.17063,1.04877
25.061,2,4.429,4.366,0.339,0.657,3.952,0.458,-0.319,-0.415,0.119,-0.977,1.068,4.700,0.375,-0.300,-0.000,-0.000,-0.000,-4.700,-0.375,0.300,4.725,True,True,0.70711,0.00000,-0.00000,0.70711,-0.00003,0.04930,0.00058,0.99878,2.86318,-0.17312,0.88169
25.081,2,4.234,4.159,0.325,0.723,4.115,0.410,-0.363,-0.044,0.085,-1.085,1.090,4.696,0.373,-0.243,-11.320,3.650,2.920,-16.016,3.277,3.163,16.651,True,True,0.70711,0.00000,-0.00000,0.70711,0.00009,-0.04288,-0.00180,-0.99908,2.85527,0.01316,0.03505
25.123,2,4.107,4.024,0.315,0.760,4.081,0.320,-0.328,0.057,0.005,-1.088,1.089,4.688,0.372,-0.210,-0.000,-0.000,-0.000,-4.688,-0.372,0.210,4.708,True,True,0.70711,0.00000,-0.00000,0.70711,0.00011,-0.03911,-0.00215,-0.99923,-2.95820,0.28715,0.79984
25.143,2,3.859,3.757,0.296,0.830,4.061,0.312,-0.331,0.304,0.017,-1.161,1.201,4.677,0.370,-0.138,-0.000,-0.000,-0.000,-4.677,-0.370,0.138,4.693,True,True,0.70711,0.00000,-0.00000,0.70711,0.00015,-0.03122,-0.00265,-0.99951,2.82248,0.02588,0.02551
25.206,2,3.827,3.723,0.293,0.838,3.917,0.289,-0.297,0.194,-0.004,-1.135,1.152,4.651,0.367,-0.131,-0.000,-0.000,-0.000,-4.651,-0.367,0.131,4.667,True,True,0.70711,0.00000,-0.00000,0.70711,0.00015,-0.03027,-0.00267,-0.99954,2.67774,0.01335,-0.12756
25.250,2,3.607,3.480,0.276,0.910,3.843,0.286,-0.265,0.363,0.010,-1.175,1.230,4.621,0.364,-0.045,-0.000,-0.000,-0.000,-4.621,-0.364,0.045,4.635,True,True,0.70711,0.00000,-0.00000,0.70711,0.00018,-0.02081,-0.00294,-0.99978,2.82142,0.01907,-0.04007
25.271,2,3.409,3.263,0.260,0.954,3.583,0.243,-0.189,0.320,-0.017,-1.143,1.187,4.596,0.362,0.012,-0.000,-0.000,-0.000,-4.596,-0.362,-0.012,4.611,True,True,0.70711,0.00000,-0.00000,0.70711,0.00019,-0.01442,-0.00313,-0.99989,-2.92334,-0.00975,0.44207
25.291,2,3.270,3.109,0.250,0.982,3.480,0.248,-0.169,0.371,-0.002,-1.151,1.209,4.570,0.360,0.053,3.380,-1.090,-0.190,-1.190,-1.450,-0.243,1.891,True,True,0.70711,0.00000,-0.00000,0.70711,0.00021,-0.00979,-0.00376,-0.99995,-2.88219,0.06556,-0.05310
25.332,2,3.144,2.968,0.241,1.011,3.215,0.214,-0.112,0.247,-0.027,-1.123,1.150,4.543,0.357,0.099,-0.000,-0.000,-0.000,-4.543,-0.357,-0.099,4.558,True,True,0.70711,0.00000,-0.00000,0.70711,0.00022,-0.00458,-0.00457,-0.99998,-2.87812,-0.02522,0.43974
25.353,2,3.027,2.834,0.233,1.037,3.140,0.219,-0.198,0.306,-0.014,-1.235,1.273,4.513,0.354,0.143,-0.000,-0.000,-0.000,-4.513,-0.354,-0.143,4.529,True,True,0.70711,0.00000,-0.00000,0.70711,0.00024,0.00051,-0.00507,-0.99999,2.29949,0.01861,-0.10281
25.373,2,2.909,2.700,0.224,1.060,3.075,0.217,-0.215,0.375,-0.007,-1.276,1.330,4.480,0.351,0.186,3.660,0.210,-0.140,-0.820,-0.141,-0.326,0.893,True,True,0.70711,0.00000,-0.00000,0.70711,0.00025,0.00551,-0.00539,-0.99997,2.25058,0.02406,-0.09094
25.415,2,2.672,2.427,0.205,1.097,2.912,0.208,-0.240,0.484,0.003,-1.337,1.422,4.432,0.348,0.269,-0.000,-0.000,-0.000,-4.432,-0.348,-0.269,4.454,True,True,0.70711,0.00000,-0.00000,0.70711,0.00026,0.01526,-0.00603,-0.99987,2.20203,0.03540,-0.06135
25.458,2,2.643,2.394,0.203,1.100,2.258,0.208,-0.323,-0.136,0.005,-1.423,1.430,4.372,0.342,0.275,,,,,,,,False,True,0.70711,0.00000,-0.00000,0.70711,0.00026,0.01637,-0.00608,-0.99985,,,
25.502,2,2.460,2.180,0.188,1.123,2.125,0.192,-0.322,-0.056,0.004,-1.445,1.446,4.326,0.339,0.342,0.640,0.100,-0.000,-3.686,-0.239,-0.342,3.710,False,True,0.70711,0.00000,-0.00000,0.70711,0.00027,0.02441,-0.00628,-0.99968,,,
25.522,2,2.348,2.050,0.179,1.130,1.970,0.180,-0.319,-0.080,0.001,-1.449,1.451,4.281,0.336,0.373,1.470,0.120,-0.030,-2.811,-0.216,-0.403,2.848,False,True,0.70711,0.00000,-0.00000,0.70711,0.00026,0.02837,-0.00629,-0.99958,,,
25.563,2,2.235,1.919,0.170,1.134,1.844,0.170,-0.316,-0.075,-0.001,-1.450,1.451,4.207,0.330,0.399,1.210,0.100,-0.030,-2.997,-0.230,-0.429,3.036,False,True,0.70711,0.00000,-0.00000,0.70711,0.00025,0.03214,-0.00664,-0.99946,,,
25.609,2,2.061,1.712,0.156,1.138,1.724,0.157,-0.318,0.012,0.001,-1.455,1.455,4.148,0.326,0.448,1.150,0.120,0.020,-2.998,-0.206,-0.428,3.036,False,True,0.70711,0.00000,-0.00000,0.70711,0.00023,0.03861,-0.00705,-0.99923,,,
26.786,3,36.968,36.629,4.842,1.231,43.203,0.405,-7.608,6.575,-4.437,-8.838,11.876,4.133,-1.483,3.942,-0.000,-0.000,-0.000,-4.133,1.483,-3.942,5.901,False,True,0.70711,0.00000,-0.00000,0.70711,-0.01419,-0.15282,0.20460,-0.96674,,,
26.807,3,36.747,36.371,5.137,1.032,43.186,0.304,-7.655,6.815,-4.834,-8.688,12.053,4.200,-1.383,4.041,0.170,1.010,0.480,-4.030,2.393,-3.561,5.886,False,True,0.70711,0.00000,-0.00000,0.70711,-0.01661,-0.15278,0.20108,-0.96745,,,
26.869,3,36.505,36.092,5.401,0.926,42.758,0.031,-7.658,6.667,-5.369,-8.584,12.123,4.347,-1.110,4.212,-11.750,0.920,2.260,-16.097,2.030,-1.952,16.341,False,True,0.70711,0.00000,-0.00000,0.70711,-0.01875,-0.15083,0.19568,-0.96882,,,
26.911,3,36.413,35.986,5.486,0.911,41.521,-0.138,-7.391,5.535,-5.624,-8.302,11.454,4.389,-1.004,4.245,12.130,1.660,-2.610,7.741,2.664,-6.855,10.678,False,True,0.70711,0.00000,-0.00000,0.70711,-0.01962,-0.14983,0.19449,-0.96920,,,
26.952,3,36.277,35.830,5.607,0.865,39.846,-0.220,-6.942,4.015,-5.827,-7.807,10.537,4.475,-0.716,4.281,,,,,,,,False,True,0.70711,0.00000,-0.00000,0.70711,-0.02004,-0.14788,0.18723,-0.97091,,,
26.973,3,36.277,35.830,5.607,0.865,40.496,-0.270,-7.062,4.666,-5.877,-7.926,10.915,4.475,-0.716,4.281,,,,,,,,False,True,0.70711,0.00000,-0.00000,0.70711,-0.02004,-0.14788,0.18723,-0.97091,,,
27.015,3,35.845,35.353,5.845,0.940,39.717,-0.351,-6.792,4.364,-6.195,-7.732,10.826,4.514,-0.290,4.337,10.910,0.540,-3.250,6.396,0.830,-7.587,9.958,False,True,0.70711,0.00000,-0.00000,0.70711,-0.02181,-0.13957,0.17293,-0.97475,,,
27.056,3,35.813,35.319,5.855,0.950,39.543,-0.364,-6.452,4.224,-6.219,-7.402,10.550,4.570,-0.119,4.302,1.730,0.130,-3.380,-2.840,0.249,-7.682,8.194,False,True,0.70711,0.00000,-0.00000,0.70711,-0.02199,-0.13899,0.17259,-0.97489,,,
27.118,3,35.518,35.005,5.915,1.088,42.071,-0.666,-5.971,7.066,-6.581,-7.059,11.960,4.600,0.243,4.276,-0.000,-0.000,-0.000,-4.600,-0.243,-4.276,6.285,True,True,0.70711,0.00000,-0.00000,0.70711,0.02258,0.13209,-0.16382,0.97735,2.41126,-0.55856,-0.78137
27.138,3,35.260,34.740,5.923,1.156,43.616,-0.677,-6.120,8.876,-6.600,-7.276,13.239,4.592,0.478,4.262,-0.000,-0.000,-0.000,-4.592,-0.478,-4.262,6.283,True,True,0.70711,0.00000,-0.00000,0.70711,0.02222,0.12634,-0.15340,0.97980,2.45467,-0.53043,-0.80443
27.200,3,35.171,34.650,5.912,1.183,48.154,-0.806,-6.350,13.504,-6.718,-7.534,16.860,4.642,0.708,4.176,-0.000,-0.000,-0.000,-4.642,-0.708,-4.176,6.284,True,True,0.70711,0.00000,-0.00000,0.70711,0.02225,0.12460,-0.15187,0.98026,2.50533,-0.53777,-0.85171
27.221,3,34.990,34.469,5.885,1.251,43.648,-0.627,-5.674,9.179,-6.511,-6.925,13.214,4.634,0.857,4.158,-0.000,-0.000,-0.000,-4.634,-0.857,-4.158,6.285,True,True,0.70711,0.00000,-0.00000,0.70711,0.02187,0.12040,-0.14543,0.98177,-2.68279,0.28029,-0.92571
27.242,3,34.778,34.261,5.830,1.306,41.480,-0.579,-5.223,7.219,-6.409,-6.529,11.654,4.634,1.006,4.131,-0.000,-0.000,-0.000,-4.634,-1.006,-4.131,6.289,True,True,0.70711,0.00000,-0.00000,0.70711,0.02155,0.11631,-0.14090,0.98293,2.30142,-0.42589,-0.75330
27.304,3,34.673,34.159,5.803,1.311,39.769,-0.519,-4.674,5.611,-6.322,-5.985,10.357,4.673,1.239,4.038,,,,,,,,True,True,0.70711,0.00000,-0.00000,0.70711,0.02107,0.11425,-0.13622,0.98384,-2.66898,0.22805,-0.95804
27.325,3,34.483,33.975,5.736,1.373,39.692,-0.509,-4.487,5.717,-6.245,-5.860,10.297,4.662,1.358,4.015,9.430,0.460,-8.310,4.768,-0.898,-12.325,13.245,True,True,0.70711,0.00000,-0.00000,0.70711,0.02049,0.11021,-0.13061,0.98508,-2.68775,0.19693,-0.98688
27.367,3,34.239,33.743,5.634,1.399,39.918,-0.511,-4.304,6.175,-6.145,-5.703,10.412,4.685,1.599,3.913,,,,,,,,True,True,0.70711,0.00000,-0.00000,0.70711,0.01969,0.10605,-0.12487,0.98629,-2.70247,0.22296,-0.90471
27.408,3,34.045,33.560,5.549,1.414,39.988,-0.489,-4.104,6.428,-6.038,-5.518,10.403,4.691,1.779,3.829,,,,,,,,True,True,0.70711,0.00000,-0.00000,0.70711,0.01873,0.10245,-0.11744,0.98760,-2.67720,0.17077,-0.87120
27.428,3,34.045,33.560,5.549,1.414,39.982,-0.467,-3.964,6.422,-6.015,-5.378,10.313,4.691,1.779,3.829,-7.180,0.010,-0.450,-11.871,-1.769,-4.279,12.742,True,True,0.70711,0.00000,-0.00000,0.70711,0.01873,0.10245,-0.11744,0.98760,-2.66732,0.16647,-0.87450
27.491,3,33.729,33.265,5.382,1.452,39.501,-0.462,-3.683,6.236,-5.844,-5.135,9.971,4.712,2.043,3.686,-0.000,-0.000,-0.000,-4.712,-2.043,-3.686,6.321,True,True,0.70711,0.00000,-0.00000,0.70711,0.01755,0.09722,-0.11051,0.98895,-2.61589,0.12375,-0.87873
27.532,3,33.479,33.034,5.236,1.474,39.786,-0.165,-3.681,6.752,-5.400,-5.155,10.066,4.709,2.140,3.644,-0.000,-0.000,-0.000,-4.709,-2.140,-3.644,6.327,True,True,0.70711,0.00000,-0.00000,0.70711,0.01675,0.09361,-0.10716,0.98968,-2.72598,-0.04027,-1.16490
27.552,3,33.323,32.891,5.148,1.447,39.605,-0.351,-3.475,6.715,-5.499,-4.923,9.978,4.710,2.220,3.606,-0.000,-0.000,-0.000,-4.710,-2.220,-3.606,6.334,True,True,0.70711,0.00000,-0.00000,0.70711,0.01599,0.09162,-0.10251,0.99038,-2.61620,0.11783,-0.87151
27.573,3,33.090,32.679,5.010,1.403,31.024,-0.153,-2.688,-1.654,-5.164,-4.091,6.792,4.712,2.325,3.546,8.360,-0.420,-2.000,3.648,-2.745,-5.546,7.183,False,True,0.70711,0.00000,-0.00000,0.70711,0.01492,0.08893,-0.09652,0.99124,,,
27.656,3,32.948,32.549,4.936,1.337,30.190,3.803,-1.590,-2.359,-1.133,-2.927,3.926,4.740,2.529,3.350,-0.000,-0.000,-0.000,-4.740,-2.529,-3.350,6.331,True,True,0.70711,0.00000,-0.00000,0.70711,0.01390,0.08733,-0.08864,0.99213,2.67044,-0.12119,0.76200
27.676,3,32.948,32.549,4.936,1.337,30.461,3.812,-1.526,-2.088,-1.124,-2.864,3.718,4.740,2.529,3.350,-0.000,-0.000,-0.000,-4.740,-2.529,-3.350,6.331,True,True,0.70711,0.00000,-0.00000,0.70711,0.01390,0.08733,-0.08864,0.99213,2.69204,-0.08731,0.75693
27.717,3,32.514,32.155,4.664,1.218,30.239,3.752,-1.432,-1.916,-0.912,-2.650,3.394,4.747,2.701,3.208,-0.000,-0.000,-0.000,-4.747,-2.701,-3.208,6.334,True,True,0.70711,0.00000,-0.00000,0.70711,0.01181,0.08304,-0.07606,0.99357,2.71742,-0.11123,0.71955
27.738,3,32.226,31.893,4.474,1.130,30.169,3.666,-1.354,-1.725,-0.808,-2.484,3.130,4.750,2.784,3.128,-0.000,-0.000,-0.000,-4.750,-2.784,-3.128,6.333,True,True,0.70711,0.00000,-0.00000,0.70711,0.01054,0.08067,-0.06902,0.99429,2.64753,-0.09156,0.62448
27.821,3,32.060,31.743,4.381,1.021,30.061,3.570,-1.290,-1.682,-0.811,-2.310,2.971,4.774,2.944,2.879,-0.000,-0.000,-0.000,-4.774,-2.944,-2.879,6.305,True,True,0.70711,0.00000,-0.00000,0.70711,0.00925,0.07932,-0.05730,0.99516,2.58327,-0.10362,0.60215
27.842,3,32.060,31.743,4.381,1.021,30.211,3.605,-1.266,-1.532,-0.775,-2.287,2.860,4.774,2.944,2.879,-13.040,-4.300,-0.670,-17.814,-7.244,-3.549,19.555,True,True,0.70711,0.00000,-0.00000,0.70711,0.00925,0.07932,-0.05730,0.99516,2.72677,0.04838,0.80721
27.883,3,31.602,31.327,4.069,0.887,31.466,3.668,-1.097,0.139,-0.401,-1.984,2.029,4.780,3.036,2.747,-0.000,-0.000,-0.000,-4.780,-3.036,-2.747,6.293,True,True,0.70711,0.00000,-0.00000,0.70711,0.00747,0.07604,-0.04665,0.99598,2.72161,-0.20720,-0.55740
27.904,3,31.348,31.095,3.896,0.802,32.563,3.717,-1.097,1.469,-0.180,-1.899,2.407,4.784,3.088,2.655,-0.000,-0.000,-0.000,-4.784,-3.088,-2.655,6.283,True,True,0.70711,0.00000,-0.00000,0.70711,0.00644,0.07441,-0.03958,0.99642,2.55260,-0.02732,0.06984
27.966,3,31.312,31.061,3.873,0.785,31.983,3.546,-0.990,0.922,-0.327,-1.775,2.027,4.797,3.119,2.529,-0.000,-0.000,-0.000,-4.797,-3.119,-2.529,6.256,True,True,0.70711,0.00000,-0.00000,0.70711,0.00625,0.07418,-0.03788,0.99651,2.72501,-0.04991,0.36087
27.987,3,31.048,30.819,3.695,0.700,31.851,3.483,-0.949,1.032,-0.212,-1.649,1.957,4.797,3.158,2.449,-0.000,-0.000,-0.000,-4.797,-3.158,-2.449,6.244,True,True,0.70711,0.00000,-0.00000,0.70711,0.00529,0.07259,-0.03063,0.99688,2.70055,-0.06978,0.33016
28.007,3,30.931,30.712,3.615,0.668,32.602,3.453,-0.902,1.890,-0.162,-1.570,2.462,4.800,3.172,2.397,-0.000,-0.000,-0.000,-4.800,-3.172,-2.397,6.233,True,True,0.70711,0.00000,-0.00000,0.70711,0.00494,0.07195,-0.02831,0.99699,2.57649,-0.09829,-0.14690
28.049,3,30.817,30.607,3.540,0.617,31.387,3.256,-0.878,0.781,-0.284,-1.495,1.710,4.800,3.199,2.352,,,,,,,,True,True,0.70711,0.00000,-0.00000,0.70711,0.00435,0.07128,-0.02256,0.99719,2.89772,-0.26844,-0.71007
28.092,3,30.453,30.271,3.297,0.473,30.509,3.049,-0.836,0.238,-0.248,-1.309,1.353,4.813,3.243,2.075,-0.000,-0.000,-0.000,-4.813,-3.243,-2.075,6.163,True,True,0.70711,0.00000,-0.00000,0.70711,0.00282,0.06948,-0.00798,0.99755,3.09063,-0.26852,-0.61645
28.113,3,30.311,30.138,3.197,0.434,31.011,3.093,-0.774,0.873,-0.104,-1.208,1.494,4.814,3.245,2.054,-0.000,-0.000,-0.000,-4.814,-3.245,-2.054,6.158,True,True,0.70711,0.00000,-0.00000,0.70711,0.00253,0.06900,-0.00642,0.99759,-3.03849,0.09631,-0.04783
28.155,3,30.275,30.105,3.173,0.424,30.213,2.947,-0.756,0.107,-0.226,-1.180,1.206,4.821,3.229,1.965,,,,,,,,True,True,0.70711,0.00000,-0.00000,0.70711,0.00244,0.06887,-0.00579,0.99761,2.49386,0.00197,0.22733
28.176,3,30.275,30.105,3.173,0.424,29.171,2.793,-0.747,-0.934,-0.380,-1.171,1.545,4.821,3.229,1.965,-0.000,-0.000,-0.000,-4.821,-3.229,-1.965,6.126,True,True,0.70711,0.00000,-0.00000,0.70711,0.00244,0.06887,-0.00579,0.99761,2.56173,0.06140,0.33256
28.196,3,29.930,29.783,2.938,0.355,20.106,1.228,-0.605,-9.677,-1.710,-0.960,9.874,4.823,3.229,1.873,-0.000,-0.000,-0.000,-4.823,-3.229,-1.873,6.099,True,True,0.70711,0.00000,-0.00000,0.70711,0.00160,0.06714,0.00105,0.99774,1.64223,0.14890,0.12946
28.279,3,29.670,29.540,2.764,0.289,19.089,0.871,-0.583,-10.451,-1.894,-0.872,10.657,4.830,3.195,1.710,-0.000,-0.000,-0.000,-4.830,-3.195,-1.710,6.038,True,True,0.70711,0.00000,-0.00000,0.70711,0.00092,0.06607,0.00750,0.99779,-2.54181,0.17971,0.55787
28.299,3,29.670,29.540,2.764,0.289,17.912,0.549,-0.554,-11.628,-2.216,-0.843,11.867,4.830,3.195,1.710,-0.000,-0.000,-0.000,-4.830,-3.195,-1.710,6.038,True,True,0.70711,0.00000,-0.00000,0.70711,0.00092,0.06607,0.00750,0.99779,-2.47296,0.26338,0.50012
28.340,3,29.258,29.151,2.491,0.198,23.178,1.518,-0.650,-5.973,-0.972,-0.848,6.110,4.832,3.170,1.580,-0.000,-0.000,-0.000,-4.832,-3.170,-1.580,5.991,True,True,0.70711,0.00000,-0.00000,0.70711,0.00002,0.06455,0.01601,0.99779,-2.89164,0.10057,0.59201
28.382,3,29.085,28.988,2.379,0.145,19.499,0.750,-0.572,-9.489,-1.629,-0.716,9.654,4.834,3.144,1.464,-0.000,-0.000,-0.000,-4.834,-3.144,-1.464,5.950,True,True,0.70711,0.00000,-0.00000,0.70711,-0.00059,0.06393,0.02348,0.99768,-2.47298,0.18776,0.43574
28.402,3,28.777,28.695,2.180,0.076,23.604,1.522,-0.648,-5.091,-0.658,-0.723,5.184,4.835,3.129,1.373,-0.000,-0.000,-0.000,-4.835,-3.129,-1.373,5.920,True,True,0.70711,0.00000,-0.00000,0.70711,-0.00130,0.06297,0.03171,0.99751,-2.90495,0.03440,0.57561
28.444,3,28.742,28.661,2.158,0.073,25.504,1.775,-0.715,-3.157,-0.383,-0.788,3.277,4.836,3.079,1.312,,,,,,,,True,True,0.70711,0.00000,-0.00000,0.70711,-0.00130,0.06286,0.03154,0.99752,2.70417,0.23559,0.45056
28.464,3,28.742,28.661,2.158,0.073,27.418,1.987,-0.769,-1.243,-0.170,-0.842,1.511,4.836,3.079,1.312,-6.820,2.280,-0.740,-11.656,-0.799,-2.052,11.863,True,True,0.70711,0.00000,-0.00000,0.70711,-0.00130,0.06286,0.03154,0.99752,2.77258,0.14994,0.10016
28.505,3,28.425,28.357,1.957,0.032,26.574,1.862,-0.810,-1.784,-0.095,-0.842,1.975,4.836,3.045,1.261,,,,,,,,True,True,0.70711,0.00000,-0.00000,0.70711,-0.00161,0.06197,0.03396,0.99750,2.36068,0.22432,0.50050
28.546,3,28.103,28.048,1.759,-0.037,25.663,1.741,-0.868,-2.385,-0.018,-0.831,2.525,4.837,2.981,1.113,-0.000,-0.000,-0.000,-4.837,-2.981,-1.113,5.790,True,True,0.70711,0.00000,-0.00000,0.70711,-0.00237,0.06115,0.04429,0.99714,2.43631,0.23901,0.49276
28.588,3,28.103,28.048,1.759,-0.037,27.830,1.851,-0.915,-0.217,0.092,-0.877,0.908,4.837,2.981,1.113,-0.000,-0.000,-0.000,-4.837,-2.981,-1.113,5.790,True,True,0.70711,0.00000,-0.00000,0.70711,-0.00237,0.06115,0.04429,0.99714,2.51727,0.10479,-0.73244
28.608,3,27.838,27.792,1.600,-0.063,28.328,1.846,-0.907,0.536,0.246,-0.844,1.030,4.837,2.902,1.042,-0.730,2.230,-1.350,-5.567,-0.672,-2.392,6.096,True,True,0.70711,0.00000,-0.00000,0.70711,-0.00248,0.06056,0.04483,0.99715,2.59519,0.11911,-0.62411
28.650,3,27.584,27.546,1.452,-0.100,28.031,1.730,-0.904,0.485,0.278,-0.805,0.980,4.837,2.832,0.955,-0.000,-0.000,-0.000,-4.837,-2.832,-0.955,5.686,True,True,0.70711,0.00000,-0.00000,0.70711,-0.00278,0.06009,0.04871,0.99700,2.74060,0.35051,0.37165
28.691,3,27.550,27.512,1.432,-0.105,27.413,1.558,-0.958,-0.099,0.126,-0.854,0.869,4.836,2.767,0.904,-0.000,-0.000,-0.000,-4.836,-2.767,-0.904,5.645,True,True,0.70711,0.00000,-0.00000,0.70711,-0.00283,0.06002,0.04952,0.99696,2.89345,0.12235,-0.62233
28.712,3,27.339,27.307,1.312,-0.124,28.187,1.573,-0.975,0.880,0.261,-0.850,1.251,4.836,2.737,0.875,-0.000,-0.000,-0.000,-4.836,-2.737,-0.875,5.625,True,True,0.70711,0.00000,-0.00000,0.70711,-0.00301,0.05956,0.05164,0.99688,2.37508,0.07332,-0.34639
28.732,3,27.230,27.200,1.251,-0.131,25.768,1.429,-0.782,-1.432,0.177,-0.651,1.583,4.835,2.703,0.859,-0.000,-0.000,-0.000,-4.835,-2.703,-0.859,5.606,True,True,0.70711,0.00000,-0.00000,0.70711,-0.00301,0.05935,0.05140,0.99691,2.76606,-0.04400,-1.19405
28.814,3,26.993,26.969,1.121,-0.160,26.344,1.381,-0.955,-0.625,0.260,-0.794,1.044,4.833,2.576,0.752,,,,,,,,True,True,0.70711,0.00000,-0.00000,0.70711,0.00334,-0.05891,-0.05640,-0.99666,2.45821,0.38288,0.20219
28.855,3,26.712,26.694,0.972,-0.185,25.235,1.135,-1.008,-1.459,0.163,-0.823,1.683,4.831,2.507,0.711,-0.000,-0.000,-0.000,-4.831,-2.507,-0.711,5.489,True,True,0.70711,0.00000,-0.00000,0.70711,0.00345,-0.05850,-0.05784,-0.99660,-2.94151,-0.11113,0.70048
28.876,3,26.712,26.694,0.972,-0.185,24.907,1.086,-0.997,-1.787,0.114,-0.811,1.965,4.831,2.507,0.711,-0.000,-0.000,-0.000,-4.831,-2.507,-0.711,5.489,True,True,0.70711,0.00000,-0.00000,0.70711,0.00345,-0.05850,-0.05784,-0.99660,-2.94151,-0.11113,0.70048
28.896,3,26.506,26.491,0.865,-0.202,25.726,0.998,-1.080,-0.764,0.132,-0.878,1.172,4.830,2.458,0.688,-0.000,-0.000,-0.000,-4.830,-2.458,-0.688,5.463,True,True,0.70711,0.00000,-0.00000,0.70711,0.00349,-0.05823,-0.05828,-0.99659,2.23072,0.20575,-0.14308
28.917,3,26.349,26.337,0.787,-0.215,26.423,1.046,-1.118,0.087,0.259,-0.903,0.944,4.829,2.421,0.666,-0.000,-0.000,-0.000,-4.829,-2.421,-0.666,5.443,True,True,0.70711,0.00000,-0.00000,0.70711,0.00354,-0.05803,-0.05896,-0.99657,2.54519,0.11239,-0.72244
28.937,3,26.242,26.231,0.733,-0.225,27.297,1.021,-1.157,1.066,0.288,-0.932,1.445,4.828,2.378,0.634,-0.000,-0.000,-0.000,-4.828,-2.378,-0.634,5.419,True,True,0.70711,0.00000,-0.00000,0.70711,0.00364,-0.05790,-0.06066,-0.99647,2.63587,0.19428,-0.45548
29.000,3,26.084,26.075,0.655,-0.241,27.637,0.981,-1.232,1.563,0.327,-0.991,1.879,4.825,2.278,0.561,-0.000,-0.000,-0.000,-4.825,-2.278,-0.561,5.365,True,True,0.70711,0.00000,-0.00000,0.70711,0.00384,-0.05771,-0.06409,-0.99627,2.81010,0.27846,0.35178
29.020,3,25.829,25.823,0.534,-0.260,26.653,0.908,-1.223,0.830,0.373,-0.963,1.325,4.824,2.241,0.536,-0.000,-0.000,-0.000,-4.824,-2.241,-0.536,5.346,True,True,0.70711,0.00000,-0.00000,0.70711,0.00394,-0.05745,-0.06579,-0.99617,2.65467,0.33689,0.44515
29.041,3,25.722,25.716,0.486,-0.266,26.062,0.761,-1.268,0.346,0.275,-1.002,1.095,4.822,2.192,0.520,,,,,,,,True,True,0.70711,0.00000,-0.00000,0.70711,0.00388,-0.05736,-0.06483,-0.99624,2.77729,-0.01417,-0.96386
29.082,3,25.467,25.462,0.370,-0.282,26.785,0.717,-1.312,1.323,0.346,-1.030,1.712,4.821,2.140,0.485,-0.000,-0.000,-0.000,-4.821,-2.140,-0.485,5.296,True,True,0.70711,0.00000,-0.00000,0.70711,0.00407,-0.05709,-0.06817,-0.99603,2.89154,0.29056,0.21885
29.123,3,25.433,25.429,0.356,-0.284,22.116,0.402,-1.148,-3.313,0.046,-0.864,3.424,4.819,2.061,0.449,-0.000,-0.000,-0.000,-4.819,-2.061,-0.449,5.260,True,True,0.70711,0.00000,-0.00000,0.70711,0.00408,-0.05706,-0.06838,-0.99602,-2.63608,0.21234,0.76488
29.164,3,25.085,25.083,0.210,-0.303,24.683,0.538,-1.254,-0.399,0.328,-0.951,1.082,4.816,1.971,0.420,-0.000,-0.000,-0.000,-4.816,-1.971,-0.420,5.220,True,True,0.70711,0.00000,-0.00000,0.70711,0.00404,-0.05679,-0.06789,-0.99607,2.71547,0.31655,0.33325
29.185,3,25.085,25.083,0.210,-0.303,22.610,0.344,-1.136,-2.473,0.135,-0.833,2.613,4.816,1.971,0.420,-0.000,-0.000,-0.000,-4.816,-1.971,-0.420,5.220,True,True,0.70711,0.00000,-0.00000,0.70711,0.00404,-0.05679,-0.06789,-0.99607,-2.70632,-0.00013,0.24421
29.206,3,24.856,24.854,0.117,-0.315,21.288,0.224,-1.078,-3.566,0.107,-0.763,3.648,4.814,1.919,0.399,-0.000,-0.000,-0.000,-4.814,-1.919,-0.399,5.198,True,True,0.70711,0.00000,-0.00000,0.70711,0.00409,-0.05663,-0.06891,-0.99601,-2.64409,0.02723,0.32522
29.269,3,24.747,24.745,0.073,-0.321,20.665,0.139,-1.099,-4.080,0.066,-0.778,4.154,4.811,1.817,0.351,-0.000,-0.000,-0.000,-4.811,-1.817,-0.351,5.154,True,True,0.70711,0.00000,-0.00000,0.70711,0.00420,-0.05655,-0.07105,-0.99586,-2.65901,0.01049,0.30861
29.290,3,24.545,24.543,-0.003,-0.330,20.793,0.107,-1.117,-3.750,0.110,-0.787,3.834,4.809,1.770,0.332,-0.000,-0.000,-0.000,-4.809,-1.770,-0.332,5.135,True,True,0.70711,0.00000,-0.00000,0.70711,0.00424,-0.05643,-0.07190,-0.99581,-2.67531,0.02644,0.31270
29.310,3,24.545,24.543,-0.003,-0.330,20.827,0.069,-1.128,-3.716,0.073,-0.798,3.801,4.809,1.770,0.332,-0.460,2.290,0.470,-5.269,0.520,0.138,5.296,True,True,0.70711,0.00000,-0.00000,0.70711,0.00424,-0.05643,-0.07190,-0.99581,-2.66541,0.01577,0.26248
29.331,3,24.300,24.298,-0.091,-0.341,20.731,0.024,-1.142,-3.566,0.115,-0.801,3.657,4.806,1.689,0.314,9.700,0.650,0.300,4.894,-1.039,-0.014,5.003,True,True,0.70711,0.00000,-0.00000,0.70711,0.00416,-0.05630,-0.07069,-0.99590,-2.66447,0.04488,0.29681
29.395,3,24.152,24.149,-0.143,-0.347,19.395,-0.113,-1.091,-4.754,0.030,-0.744,4.812,4.803,1.609,0.284,-0.000,-0.000,-0.000,-4.803,-1.609,-0.284,5.074,True,True,0.70711,0.00000,-0.00000,0.70711,0.00421,-0.05623,-0.07170,-0.99583,-2.61485,0.06199,0.34805
29.436,3,23.711,23.706,-0.286,-0.363,20.256,-0.085,-1.166,-3.450,0.201,-0.803,3.548,4.800,1.504,0.257,-0.000,-0.000,-0.000,-4.800,-1.504,-0.257,5.036,True,True,0.70711,0.00000,-0.00000,0.70711,0.00416,-0.05604,-0.07122,-0.99588,-2.69030,-0.00765,0.24585
29.498,3,23.678,23.673,-0.296,-0.365,20.941,-0.203,-1.275,-2.732,0.093,-0.910,2.881,4.798,1.438,0.237,-0.000,-0.000,-0.000,-4.798,-1.438,-0.237,5.014,True,True,0.70711,0.00000,-0.00000,0.70711,0.00416,-0.05603,-0.07133,-0.99587,-2.73621,0.05530,0.34043
29.518,3,23.374,23.368,-0.386,-0.375,21.447,-0.185,-1.313,-1.921,0.201,-0.938,2.147,4.796,1.384,0.223,-0.000,-0.000,-0.000,-4.796,-1.384,-0.223,4.996,True,True,0.70711,0.00000,-0.00000,0.70711,0.00413,-0.05593,-0.07115,-0.99589,-2.74186,0.02470,0.25969
29.540,3,23.374,23.368,-0.386,-0.375,20.050,-0.264,-1.234,-3.318,0.122,-0.859,3.430,4.796,1.384,0.223,,,,,,,,True,True,0.70711,0.00000,-0.00000,0.70711,0.00413,-0.05593,-0.07115,-0.99589,-2.57450,0.08414,0.31895
29.581,3,23.071,23.063,-0.471,-0.383,18.456,-0.363,-1.151,-4.607,0.108,-0.768,4.672,4.792,1.279,0.190,-0.000,-0.000,-0.000,-4.792,-1.279,-0.190,4.963,True,True,0.70711,0.00000,-0.00000,0.70711,0.00419,-0.05584,-0.07257,-0.99579,-2.57313,0.08081,0.29957
29.623,3,23.038,23.030,-0.479,-0.384,18.156,-0.579,-1.305,-4.874,-0.100,-0.921,4.961,4.790,1.216,0.173,-0.000,-0.000,-0.000,-4.790,-1.216,-0.173,4.945,True,True,0.70711,0.00000,-0.00000,0.70711,0.00419,-0.05583,-0.07258,-0.99579,-2.66738,0.06412,0.36455
29.644,3,22.748,22.738,-0.551,-0.393,17.955,-0.661,-1.353,-4.783,-0.110,-0.959,4.879,4.788,1.166,0.166,-0.000,-0.000,-0.000,-4.788,-1.166,-0.166,4.931,True,True,0.70711,0.00000,-0.00000,0.70711,0.00409,-0.05577,-0.07096,-0.99591,-2.63382,0.08079,0.35053
29.685,3,22.715,22.705,-0.558,-0.394,17.232,-0.673,-1.317,-5.473,-0.115,-0.923,5.551,4.786,1.105,0.154,-0.000,-0.000,-0.000,-4.786,-1.105,-0.154,4.914,True,True,0.70711,0.00000,-0.00000,0.70711,0.00405,-0.05576,-0.07038,-0.99595,-2.55762,0.13370,0.54112
29.706,3,22.529,22.518,-0.601,-0.400,16.818,-0.620,-1.272,-5.700,-0.019,-0.872,5.766,4.784,1.070,0.147,-0.000,-0.000,-0.000,-4.784,-1.070,-0.147,4.905,True,True,0.70711,0.00000,-0.00000,0.70711,0.00400,-0.05573,-0.06958,-0.99601,-2.48904,-0.06042,0.35621
29.748,3,22.427,22.414,-0.623,-0.403,17.160,-0.699,-1.341,-5.254,-0.076,-0.938,5.337,4.784,1.059,0.147,,,,,,,,True,True,0.70711,0.00000,-0.00000,0.70711,0.00396,-0.05571,-0.06901,-0.99605,-2.63739,0.06316,0.38398
29.768,3,22.216,22.202,-0.667,-0.409,17.663,-0.800,-1.417,-4.539,-0.133,-1.008,4.652,4.781,0.969,0.126,-0.000,-0.000,-0.000,-4.781,-0.969,-0.126,4.880,True,True,0.70711,0.00000,-0.00000,0.70711,0.00391,-0.05568,-0.06819,-0.99611,-2.60942,0.05529,0.41781
29.830,3,22.081,22.067,-0.695,-0.411,17.733,-0.816,-1.420,-4.334,-0.121,-1.010,4.452,4.778,0.902,0.107,-0.000,-0.000,-0.000,-4.778,-0.902,-0.107,4.864,True,True,0.70711,0.00000,-0.00000,0.70711,0.00394,-0.05566,-0.06885,-0.99607,-2.67660,0.12398,0.56791
29.851,3,21.807,21.790,-0.745,-0.417,17.636,-0.828,-1.437,-4.154,-0.083,-1.021,4.278,4.777,0.859,0.101,-0.000,-0.000,-0.000,-4.777,-0.859,-0.101,4.854,True,True,0.70711,0.00000,-0.00000,0.70711,0.00387,-0.05563,-0.06792,-0.99613,-2.63603,0.08560,0.53740
29.892,3,21.774,21.757,-0.751,-0.418,18.093,-0.941,-1.492,-3.664,-0.190,-1.074,3.822,4.775,0.802,0.090,-0.000,-0.000,-0.000,-4.775,-0.802,-0.090,4.842,True,True,0.70711,0.00000,-0.00000,0.70711,0.00384,-0.05563,-0.06734,-0.99617,-2.70805,0.13776,0.35630
29.913,3,21.587,21.568,-0.782,-0.422,17.868,-0.904,-1.476,-3.700,-0.122,-1.054,3.849,4.773,0.759,0.083,-0.000,-0.000,-0.000,-4.773,-0.759,-0.083,4.834,True,True,0.70711,0.00000,-0.00000,0.70711,0.00379,-0.05561,-0.06656,-0.99622,-2.67644,0.05608,0.39957
29.933,3,21.451,21.431,-0.802,-0.426,17.563,-0.885,-1.447,-3.868,-0.082,-1.021,4.002,4.772,0.722,0.078,,,,,,,,True,True,0.70711,0.00000,-0.00000,0.70711,0.00372,-0.05561,-0.06537,-0.99630,-2.63926,0.10950,0.58268
29.995,3,21.297,21.277,-0.824,-0.431,17.787,-0.744,-1.350,-3.490,0.080,-0.919,3.610,4.769,0.659,0.066,-0.000,-0.000,-0.000,-4.769,-0.659,-0.066,4.815,True,True,0.70711,0.00000,-0.00000,0.70711,0.00361,-0.05560,-0.06360,-0.99642,-2.64809,0.03546,0.12377
30.016,3,21.108,21.086,-0.851,-0.433,15.770,-0.837,-1.327,-5.317,0.013,-0.894,5.391,4.768,0.625,0.057,-0.000,-0.000,-0.000,-4.768,-0.625,-0.057,4.809,True,True,0.70711,0.00000,-0.00000,0.70711,0.00363,-0.05559,-0.06403,-0.99639,-2.41687,-0.00176,0.47113
30.037,3,20.887,20.864,-0.878,-0.436,17.329,-0.752,-1.341,-3.535,0.126,-0.905,3.651,4.766,0.583,0.048,-0.000,-0.000,-0.000,-4.766,-0.583,-0.048,4.802,True,True,0.70711,0.00000,-0.00000,0.70711,0.00359,-0.05559,-0.06350,-0.99643,-2.65659,0.01211,0.08990
30.099,3,20.775,20.751,-0.891,-0.438,19.330,-0.876,-1.577,-1.422,0.015,-1.139,1.822,4.764,0.507,0.033,-0.000,-0.000,-0.000,-4.764,-0.507,-0.033,4.791,True,True,0.70711,0.00000,-0.00000,0.70711,0.00354,-0.05559,-0.06263,-0.99648,-2.79035,0.09419,0.18240
30.119,3,20.775,20.751,-0.891,-0.438,18.330,-0.774,-1.414,-2.421,0.117,-0.976,2.613,4.764,0.507,0.033,-0.000,-0.000,-0.000,-4.764,-0.507,-0.033,4.791,True,True,0.70711,0.00000,-0.00000,0.70711,0.00354,-0.05559,-0.06263,-0.99648,-2.63956,0.01863,0.09929
30.140,3,20.464,20.438,-0.921,-0.444,19.170,-0.809,-1.498,-1.268,0.112,-1.054,1.652,4.761,0.445,0.025,-0.000,-0.000,-0.000,-4.761,-0.445,-0.025,4.782,True,True,0.70711,0.00000,-0.00000,0.70711,0.00340,-0.05558,-0.06033,-0.99662,-2.74962,0.01623,0.10695
30.161,3,20.464,20.438,-0.921,-0.444,17.776,-0.804,-1.436,-2.662,0.117,-0.992,2.844,4.761,0.445,0.025,,,,,,,,True,True,0.70711,0.00000,-0.00000,0.70711,0.00340,-0.05558,-0.06033,-0.99662,-2.60316,-0.20810,0.19173
30.223,3,20.208,20.181,-0.942,-0.450,18.328,-0.809,-1.487,-1.852,0.133,-1.037,2.127,4.758,0.359,0.008,-0.000,-0.000,-0.000,-4.758,-0.359,-0.008,4.772,True,True,0.70711,0.00000,-0.00000,0.70711,0.00326,-0.05559,-0.05792,-0.99677,-2.76344,-0.01091,0.04410
30.244,3,19.919,19.891,-0.961,-0.456,18.929,-0.828,-1.557,-0.962,0.133,-1.101,1.469,4.757,0.322,0.001,-0.000,-0.000,-0.000,-4.757,-0.322,-0.001,4.767,True,True,0.70711,0.00000,-0.00000,0.70711,0.00310,-0.05560,-0.05511,-0.99693,-2.70279,0.03584,-0.03627
30.285,3,19.887,19.858,-0.963,-0.457,15.698,-0.932,-1.474,-4.160,0.031,-1.018,4.282,4.755,0.281,-0.008,-0.000,-0.000,-0.000,-4.755,-0.281,0.008,4.763,True,True,0.70711,0.00000,-0.00000,0.70711,0.00308,-0.05560,-0.05470,-0.99695,-2.32350,-0.12407,0.20109
30.306,3,19.603,19.573,-0.977,-0.460,17.309,-0.876,-1.503,-2.264,0.101,-1.042,2.495,4.754,0.246,-0.015,-0.000,-0.000,-0.000,-4.754,-0.246,0.015,4.760,True,True,0.70711,0.00000,-0.00000,0.70711,0.00295,-0.05561,-0.05248,-0.99707,-2.74492,0.00086,0.00601
30.348,3,19.570,19.540,-0.978,-0.461,18.166,-0.876,-1.537,-1.374,0.102,-1.076,1.748,4.752,0.208,-0.024,-0.000,-0.000,-0.000,-4.752,-0.208,0.024,4.757,True,True,0.70711,0.00000,-0.00000,0.70711,0.00292,-0.05561,-0.05205,-0.99709,-2.73854,0.00711,-0.08757
30.368,3,19.570,19.540,-0.978,-0.461,18.332,-0.857,-1.535,-1.209,0.121,-1.074,1.622,4.752,0.208,-0.024,-0.000,-0.000,-0.000,-4.752,-0.208,0.024,4.757,True,True,0.70711,0.00000,-0.00000,0.70711,0.00292,-0.05561,-0.05205,-0.99709,-2.71569,0.01267,-0.07794
30.410,3,19.294,19.263,-0.988,-0.463,18.354,-0.889,-1.564,-0.909,0.099,-1.101,1.431,4.751,0.176,-0.031,-0.000,-0.000,-0.000,-4.751,-0.176,0.031,4.754,True,True,0.70711,0.00000,-0.00000,0.70711,0.00283,-0.05562,-0.05041,-0.99717,-2.70790,-0.02073,-0.04507
30.430,3,19.087,19.056,-0.993,-0.466,18.318,-0.877,-1.534,-0.737,0.116,-1.068,1.303,4.748,0.116,-0.046,-0.000,-0.000,-0.000,-4.748,-0.116,0.046,4.750,True,True,0.70711,0.00000,-0.00000,0.70711,0.00271,-0.05563,-0.04832,-0.99728,-2.72868,0.00023,-0.05140
30.493,3,18.949,18.917,-0.996,-0.465,18.192,-0.885,-1.553,-0.725,0.111,-1.088,1.312,4.747,0.094,-0.052,8.860,0.860,1.890,4.113,0.766,1.942,4.612,True,True,0.70711,0.00000,-0.00000,0.70711,0.00270,-0.05563,-0.04815,-0.99729,-2.71625,0.05504,-0.00644
30.514,3,18.692,18.660,-0.997,-0.466,17.906,-0.876,-1.550,-0.754,0.122,-1.084,1.326,4.745,0.033,-0.067,-0.000,-0.000,-0.000,-4.745,-0.033,0.067,4.745,True,True,0.70711,0.00000,-0.00000,0.70711,0.00257,-0.05564,-0.04592,-0.99739,-2.68718,0.01520,-0.14638
30.556,3,18.584,18.551,-0.998,-0.465,18.130,-0.901,-1.692,-0.422,0.097,-1.227,1.301,4.744,0.010,-0.072,,,,,,,,True,True,0.70711,0.00000,-0.00000,0.70711,0.00256,-0.05564,-0.04567,-0.99740,2.42712,0.02461,0.22043
30.617,3,18.334,18.301,-0.995,-0.468,17.237,-0.918,-1.693,-1.064,0.077,-1.224,1.624,4.742,-0.027,-0.081,,,,,,,,True,True,0.70711,0.00000,-0.00000,0.70711,0.00237,-0.05566,-0.04239,-0.99755,2.35910,0.14003,0.15871
30.658,3,18.085,18.052,-0.991,-0.466,16.199,-0.920,-1.695,-1.853,0.072,-1.230,2.225,4.740,-0.085,-0.097,-0.000,-0.000,-0.000,-4.740,0.085,0.097,4.741,True,True,0.70711,0.00000,-0.00000,0.70711,0.00232,-0.05567,-0.04150,-0.99758,2.26122,0.06573,0.45688
30.679,3,17.957,17.923,-0.989,-0.464,15.766,-0.925,-1.642,-2.157,0.063,-1.178,2.459,4.739,-0.104,-0.102,-0.000,-0.000,-0.000,-4.739,0.104,0.102,4.741,True,True,0.70711,0.00000,-0.00000,0.70711,0.00230,-0.05567,-0.04104,-0.99760,2.18395,0.12937,0.26793
30.700,3,17.841,17.808,-0.985,-0.464,15.622,-0.942,-1.633,-2.186,0.043,-1.170,2.480,4.738,-0.123,-0.107,-0.000,-0.000,-0.000,-4.738,0.123,0.107,4.741,True,True,0.70711,0.00000,-0.00000,0.70711,0.00225,-0.05568,-0.04015,-0.99764,2.22623,0.11972,0.14318
30.761,3,17.628,17.595,-0.977,-0.464,15.456,-0.927,-1.605,-2.138,0.050,-1.142,2.425,4.736,-0.170,-0.121,9.990,-1.450,-1.960,5.254,-1.280,-1.839,5.712,True,True,0.70711,0.00000,-0.00000,0.70711,0.00211,-0.05569,-0.03776,-0.99773,2.19605,0.16315,0.23862
30.782,3,17.444,17.411,-0.970,-0.461,15.358,-0.931,-1.580,-2.053,0.039,-1.119,2.339,4.735,-0.187,-0.126,-0.000,-0.000,-0.000,-4.735,0.187,0.126,4.740,True,True,0.70711,0.00000,-0.00000,0.70711,0.00206,-0.05570,-0.03692,-0.99776,2.23165,0.17271,0.27562
30.819,3,17.232,17.199,-0.959,-0.460,15.113,-0.939,-1.580,-2.087,0.020,-1.120,2.369,4.734,-0.209,-0.132,-0.000,-0.000,-0.000,-4.734,0.209,0.132,4.740,True,True,0.70711,0.00000,-0.00000,0.70711,0.00193,-0.05572,-0.03458,-0.99785,2.16972,0.13244,0.16649
30.862,3,17.199,17.166,-0.957,-0.460,15.510,-0.924,-1.615,-1.656,0.033,-1.155,2.019,4.733,-0.234,-0.141,-0.000,-0.000,-0.000,-4.733,0.234,0.141,4.741,True,True,0.70711,0.00000,-0.00000,0.70711,0.00191,-0.05572,-0.03416,-0.99786,2.38371,0.02469,0.33842
30.883,3,17.020,16.988,-0.947,-0.459,15.084,-0.889,-1.632,-1.903,0.057,-1.173,2.237,4.732,-0.252,-0.148,-0.000,-0.000,-0.000,-4.732,0.252,0.148,4.741,True,True,0.70711,0.00000,-0.00000,0.70711,0.00179,-0.05573,-0.03209,-0.99793,2.29569,0.11043,0.25962
30.904,3,16.889,16.857,-0.939,-0.458,14.885,-0.936,-1.603,-1.972,0.002,-1.146,2.281,4.731,-0.268,-0.154,-0.000,-0.000,-0.000,-4.731,0.268,0.154,4.741,True,True,0.70711,0.00000,-0.00000,0.70711,-0.00172,0.05574,0.03081,0.99797,2.28020,0.13551,0.21396
30.947,3,16.735,16.703,-0.929,-0.455,14.944,-0.887,-1.607,-1.760,0.042,-1.152,2.103,4.730,-0.293,-0.164,-7.810,-4.470,0.780,-12.540,-4.177,0.944,13.250,True,True,0.70711,0.00000,-0.00000,0.70711,-0.00164,0.05575,0.02939,0.99801,2.38827,0.04772,0.38606
30.968,3,16.449,16.418,-0.909,-0.449,14.493,-0.998,-1.611,-1.925,-0.088,-1.162,2.250,4.729,-0.310,-0.171,-0.000,-0.000,-0.000,-4.729,0.310,0.171,4.742,True,True,0.70711,0.00000,-0.00000,0.70711,-0.00154,0.05577,0.02764,0.99806,2.22738,0.10274,0.75037
31.009,3,16.416,16.385,-0.907,-0.448,14.282,-0.972,-1.544,-2.104,-0.065,-1.096,2.373,4.727,-0.331,-0.179,7.630,-4.280,-5.070,2.903,-3.949,-4.891,6.924,True,True,0.70711,0.00000,-0.00000,0.70711,-0.00153,0.05577,0.02736,0.99807,-2.74970,-0.14579,0.44486
31.030,3,16.416,16.385,-0.907,-0.448,15.211,-0.927,-1.579,-1.175,-0.021,-1.130,1.630,4.727,-0.331,-0.179,,,,,,,,True,True,0.70711,0.00000,-0.00000,0.70711,-0.00153,0.05577,0.02736,0.99807,-3.08070,-0.06458,-0.25489
31.092,3,16.100,16.069,-0.883,-0.440,16.057,-0.873,-1.660,-0.013,0.010,-1.220,1.220,4.725,-0.367,-0.194,-0.000,-0.000,-0.000,-4.725,0.367,0.194,4.744,True,True,0.70711,0.00000,-0.00000,0.70711,-0.00143,0.05578,0.02564,0.99811,2.52675,-0.05133,-0.20799
31.113,3,15.900,15.870,-0.865,-0.437,16.027,-0.838,-1.666,0.156,0.028,-1.229,1.239,4.725,-0.376,-0.201,-0.000,-0.000,-0.000,-4.725,0.376,0.201,4.744,True,True,0.70711,0.00000,-0.00000,0.70711,-0.00128,0.05580,0.02302,0.99818,2.49663,-0.04658,-0.16220
31.154,3,15.760,15.731,-0.853,-0.433,16.046,-0.845,-1.633,0.315,0.008,-1.200,1.241,4.723,-0.398,-0.212,-1.970,1.180,-2.520,-6.693,1.578,-2.308,7.254,True,True,0.70711,0.00000,-0.00000,0.70711,-0.00121,0.05580,0.02173,0.99820,2.41754,0.04355,0.21500
31.176,3,15.760,15.731,-0.853,-0.433,16.179,-0.856,-1.596,0.448,-0.003,-1.162,1.246,4.723,-0.398,-0.212,-8.580,0.250,-0.500,-13.303,0.648,-0.288,13.322,True,True,0.70711,0.00000,-0.00000,0.70711,-0.00121,0.05580,0.02173,0.99820,2.35281,-0.01504,0.03852
31.218,3,15.326,15.299,-0.814,-0.418,15.415,-0.930,-1.514,0.116,-0.115,-1.096,1.108,4.722,-0.419,-0.223,-0.000,-0.000,-0.000,-4.722,0.419,0.223,4.746,True,True,0.70711,0.00000,-0.00000,0.70711,-0.00109,0.05582,0.01948,0.99825,2.96948,-0.01241,-0.62389
31.259,3,15.294,15.266,-0.811,-0.416,14.881,-0.906,-1.604,-0.385,-0.095,-1.187,1.252,4.721,-0.433,-0.230,-0.000,-0.000,-0.000,-4.721,0.433,0.230,4.746,True,True,0.70711,0.00000,-0.00000,0.70711,-0.00108,0.05582,0.01932,0.99825,2.48988,-0.00860,0.72643
31.280,3,15.118,15.092,-0.794,-0.410,14.665,-0.850,-1.622,-0.427,-0.055,-1.211,1.286,4.720,-0.442,-0.236,-0.000,-0.000,-0.000,-4.720,0.442,0.236,4.747,True,True,0.70711,0.00000,-0.00000,0.70711,-0.00100,0.05583,0.01801,0.99828,2.50620,0.00392,0.58427
31.302,3,15.118,15.092,-0.794,-0.410,14.649,-0.836,-1.592,-0.443,-0.042,-1.181,1.262,4.720,-0.442,-0.236,-2.460,-0.080,-2.580,-7.180,0.362,-2.344,7.562,True,True,0.70711,0.00000,-0.00000,0.70711,-0.00100,0.05583,0.01801,0.99828,-3.05260,-0.02429,0.14269
31.365,3,14.818,14.793,-0.764,-0.399,14.343,-0.906,-1.595,-0.450,-0.142,-1.195,1.285,4.718,-0.464,-0.252,-0.000,-0.000,-0.000,-4.718,0.464,0.252,4.748,True,True,0.70711,0.00000,-0.00000,0.70711,-0.00087,0.05585,0.01553,0.99832,-3.06141,0.14932,0.60291
31.387,3,14.632,14.608,-0.744,-0.393,14.196,-0.809,-1.610,-0.411,-0.065,-1.217,1.286,4.718,-0.469,-0.259,-0.000,-0.000,-0.000,-4.718,0.469,0.259,4.748,True,True,0.70711,0.00000,-0.00000,0.70711,-0.00074,0.05586,0.01328,0.99835,2.49786,0.00938,0.41692
31.407,3,14.408,14.385,-0.722,-0.382,13.906,-0.769,-1.558,-0.479,-0.048,-1.176,1.270,4.717,-0.476,-0.265,-0.000,-0.000,-0.000,-4.717,0.476,0.265,4.748,True,True,0.70711,0.00000,-0.00000,0.70711,-0.00071,0.05587,0.01269,0.99836,-2.97423,0.01212,0.10645
31.470,3,14.314,14.291,-0.712,-0.377,13.577,-0.749,-1.512,-0.715,-0.037,-1.135,1.341,4.716,-0.488,-0.274,-0.000,-0.000,-0.000,-4.716,0.488,0.274,4.749,True,True,0.70711,0.00000,-0.00000,0.70711,-0.00068,0.05587,0.01217,0.99836,2.50205,0.01261,0.61502
31.490,3,14.117,14.096,-0.691,-0.368,12.868,-0.683,-1.464,-1.228,0.008,-1.096,1.646,4.715,-0.494,-0.279,-0.000,-0.000,-0.000,-4.715,0.494,0.279,4.749,True,True,0.70711,0.00000,-0.00000,0.70711,-0.00061,0.05588,0.01101,0.99838,2.48846,0.04499,0.60489
31.511,3,13.991,13.970,-0.677,-0.362,13.216,-0.669,-1.487,-0.754,0.008,-1.126,1.355,4.715,-0.498,-0.283,-0.000,-0.000,-0.000,-4.715,0.498,0.283,4.749,True,True,0.70711,0.00000,-0.00000,0.70711,-0.00058,0.05588,0.01038,0.99838,2.68254,0.12354,0.62481
31.531,3,13.877,13.856,-0.664,-0.356,13.274,-0.747,-1.513,-0.582,-0.083,-1.157,1.298,4.714,-0.501,-0.288,1.530,6.090,1.540,-3.184,6.591,1.828,7.545,True,True,0.70711,0.00000,-0.00000,0.70711,-0.00052,0.05588,0.00936,0.99839,-3.05829,0.15739,0.64127
31.594,3,13.542,13.523,-0.627,-0.339,13.158,-0.702,-1.491,-0.366,-0.074,-1.153,1.212,4.713,-0.510,-0.302,-0.000,-0.000,-0.000,-4.713,0.510,0.302,4.750,True,True,0.70711,0.00000,-0.00000,0.70711,-0.00039,0.05590,0.00701,0.99841,2.61909,0.04074,0.44182
31.615,3,13.439,13.421,-0.616,-0.333,13.141,-0.671,-1.493,-0.279,-0.055,-1.161,1.195,4.712,-0.511,-0.304,-0.000,-0.000,-0.000,-4.712,0.511,0.304,4.750,True,True,0.70711,0.00000,-0.00000,0.70711,-0.00037,0.05590,0.00671,0.99841,2.62121,0.02992,0.38305
31.656,3,13.406,13.388,-0.612,-0.331,12.441,-0.694,-1.400,-0.947,-0.082,-1.070,1.431,4.712,-0.515,-0.310,-0.000,-0.000,-0.000,-4.712,0.515,0.310,4.750,True,True,0.70711,0.00000,-0.00000,0.70711,-0.00037,0.05590,0.00660,0.99841,3.35594,0.17016,-0.25453
31.677,3,13.231,13.214,-0.593,-0.321,12.222,-0.718,-1.440,-0.992,-0.126,-1.119,1.501,4.711,-0.517,-0.315,-0.000,-0.000,-0.000,-4.711,0.517,0.315,4.750,True,True,0.70711,0.00000,-0.00000,0.70711,-0.00030,0.05591,0.00547,0.99842,2.35023,0.08792,0.16881
31.699,3,13.231,13.214,-0.593,-0.321,12.074,-0.707,-1.448,-1.140,-0.115,-1.127,1.607,4.711,-0.517,-0.315,7.420,-1.250,-0.060,2.709,-0.733,0.255,2.818,True,True,0.70711,0.00000,-0.00000,0.70711,-0.00030,0.05591,0.00547,0.99842,2.37762,0.06928,0.07350
31.763,3,12.939,12.924,-0.560,-0.303,11.750,-0.688,-1.435,-1.174,-0.129,-1.131,1.635,4.710,-0.520,-0.326,-0.000,-0.000,-0.000,-4.710,0.520,0.326,4.750,True,True,0.70711,0.00000,-0.00000,0.70711,-0.00021,0.05592,0.00375,0.99843,2.42947,0.09591,0.15119
31.783,3,12.643,12.629,-0.526,-0.286,11.609,-0.677,-1.418,-1.021,-0.151,-1.132,1.532,4.709,-0.519,-0.334,-0.000,-0.000,-0.000,-4.709,0.519,0.334,4.749,True,True,0.70711,0.00000,-0.00000,0.70711,-0.00007,0.05593,0.00130,0.99843,2.42449,0.10049,0.15875
31.825,3,12.611,12.597,-0.522,-0.284,11.263,-0.633,-1.423,-1.333,-0.111,-1.140,1.758,4.708,-0.520,-0.339,-0.000,-0.000,-0.000,-4.708,0.520,0.339,4.749,True,True,0.70711,0.00000,-0.00000,0.70711,-0.00007,0.05593,0.00134,0.99843,2.38133,0.08404,0.23374
31.845,3,12.315,12.302,-0.489,-0.264,11.210,-0.619,-1.426,-1.092,-0.131,-1.161,1.600,4.708,-0.518,-0.345,-0.000,-0.000,-0.000,-4.708,0.518,0.345,4.749,True,True,0.70711,0.00000,-0.00000,0.70711,0.00004,0.05594,-0.00061,0.99843,2.38841,0.08828,0.19708
31.886,3,12.282,12.270,-0.485,-0.262,11.059,-0.602,-1.424,-1.210,-0.117,-1.162,1.682,4.707,-0.517,-0.350,-0.000,-0.000,-0.000,-4.707,0.517,0.350,4.748,True,True,0.70711,0.00000,-0.00000,0.70711,0.00004,0.05594,-0.00063,0.99843,2.41981,0.08734,0.22570
31.907,3,12.110,12.099,-0.466,-0.250,11.049,-0.581,-1.377,-1.050,-0.114,-1.127,1.545,4.707,-0.516,-0.352,-0.000,-0.000,-0.000,-4.707,0.516,0.352,4.748,True,True,0.70711,0.00000,-0.00000,0.70711,0.00004,0.05594,-0.00063,0.99843,2.46621,0.13764,0.23693
31.970,3,11.781,11.771,-0.430,-0.226,11.030,-0.485,-1.331,-0.741,-0.055,-1.104,1.331,4.706,-0.513,-0.362,-2.820,-0.730,-1.090,-7.526,-0.217,-0.728,7.564,True,True,0.70711,0.00000,-0.00000,0.70711,0.00011,0.05595,-0.00193,0.99843,2.63493,0.08267,0.41566
31.990,3,11.781,11.771,-0.430,-0.226,11.204,-0.464,-1.322,-0.567,-0.034,-1.096,1.235,4.706,-0.513,-0.362,-11.110,0.260,0.840,-15.816,0.773,1.202,15.880,True,True,0.70711,0.00000,-0.00000,0.70711,0.00011,0.05595,-0.00193,0.99843,2.68933,0.02049,0.29762
32.094,3,11.187,11.179,-0.365,-0.182,10.774,-0.396,-1.267,-0.405,-0.031,-1.085,1.159,4.704,-0.502,-0.378,8.090,-0.480,0.300,3.386,0.022,0.678,3.453,True,True,0.70711,0.00000,-0.00000,0.70711,0.00024,0.05597,-0.00436,0.99842,2.60854,0.08686,0.56957
32.157,3,11.040,11.033,-0.349,-0.170,10.442,-0.355,-1.251,-0.591,-0.005,-1.081,1.232,4.703,-0.494,-0.385,-0.000,-0.000,-0.000,-4.703,0.494,0.385,4.744,True,True,0.70711,0.00000,-0.00000,0.70711,0.00025,0.05597,-0.00450,0.99842,2.65478,0.07374,0.53498
32.177,3,10.829,10.823,-0.327,-0.154,10.419,-0.342,-1.237,-0.404,-0.015,-1.083,1.156,4.703,-0.491,-0.389,-0.000,-0.000,-0.000,-4.703,0.491,0.389,4.744,True,True,0.70711,0.00000,-0.00000,0.70711,0.00030,0.05598,-0.00538,0.99842,2.65489,0.07694,0.51442
32.198,3,10.728,10.722,-0.316,-0.146,10.162,-0.309,-1.225,-0.560,0.007,-1.079,1.216,4.702,-0.488,-0.391,-0.000,-0.000,-0.000,-4.702,0.488,0.391,4.744,True,True,0.70711,0.00000,-0.00000,0.70711,-0.00031,-0.05598,0.00554,-0.99842,2.66470,0.09674,0.57465
32.282,3,10.489,10.484,-0.291,-0.127,9.945,-0.298,-1.211,-0.539,-0.007,-1.084,1.211,4.701,-0.475,-0.400,-0.000,-0.000,-0.000,-4.701,0.475,0.400,4.742,True,True,0.70711,0.00000,-0.00000,0.70711,-0.00039,-0.05599,0.00698,-0.99841,2.63094,0.07793,0.56920
32.302,3,10.489,10.484,-0.291,-0.127,9.875,-0.285,-1.209,-0.609,0.006,-1.082,1.241,4.701,-0.475,-0.400,1.530,-0.830,0.040,-3.171,-0.355,0.440,3.221,True,True,0.70711,0.00000,-0.00000,0.70711,-0.00039,-0.05599,0.00698,-0.99841,2.68875,0.08815,0.54702
32.344,3,9.969,9.966,-0.239,-0.083,9.638,-0.270,-1.188,-0.328,-0.031,-1.105,1.153,4.700,-0.464,-0.406,-0.000,-0.000,-0.000,-4.700,0.464,0.406,4.740,True,True,0.70711,0.00000,-0.00000,0.70711,-0.00044,-0.05600,0.00782,-0.99840,2.61877,0.05514,0.50323
32.406,3,9.936,9.933,-0.236,-0.081,9.366,-0.250,-1.165,-0.567,-0.014,-1.084,1.224,4.700,-0.455,-0.410,-0.000,-0.000,-0.000,-4.700,0.455,0.410,4.739,True,True,0.70711,0.00000,-0.00000,0.70711,-0.00044,-0.05600,0.00790,-0.99840,2.57899,0.03840,0.47787
32.447,3,9.693,9.691,-0.212,-0.060,9.280,-0.295,-1.119,-0.411,-0.083,-1.059,1.139,4.699,-0.447,-0.415,-0.000,-0.000,-0.000,-4.699,0.447,0.415,4.738,True,True,0.70711,0.00000,-0.00000,0.70711,-0.00049,-0.05601,0.00877,-0.99839,3.13824,-0.04809,-0.35567
32.468,3,9.505,9.503,-0.194,-0.044,9.220,-0.239,-1.112,-0.282,-0.045,-1.069,1.106,4.699,-0.441,-0.417,-0.000,-0.000,-0.000,-4.699,0.441,0.417,4.738,True,True,0.70711,0.00000,-0.00000,0.70711,-0.00050,-0.05602,0.00884,-0.99839,2.61361,0.06209,0.43729
32.488,3,9.378,9.376,-0.182,-0.033,9.069,-0.213,-1.126,-0.307,-0.031,-1.093,1.136,4.698,-0.437,-0.419,-0.000,-0.000,-0.000,-4.698,0.437,0.419,4.737,True,True,0.70711,0.00000,-0.00000,0.70711,-0.00053,-0.05602,0.00937,-0.99839,2.68130,0.03696,0.42671
32.509,3,9.266,9.264,-0.172,-0.023,8.804,-0.220,-1.112,-0.460,-0.048,-1.089,1.183,4.698,-0.431,-0.422,-0.000,-0.000,-0.000,-4.698,0.431,0.422,4.737,True,True,0.70711,0.00000,-0.00000,0.70711,-0.00057,-0.05602,0.01023,-0.99838,2.61641,0.06452,0.41295
32.529,3,9.154,9.153,-0.162,-0.013,8.729,-0.223,-1.107,-0.424,-0.061,-1.094,1.175,4.698,-0.425,-0.424,1.230,0.080,-0.160,-3.468,0.505,0.264,3.514,True,True,0.70711,0.00000,-0.00000,0.70711,-0.00060,-0.05603,0.01079,-0.99837,2.66891,0.05205,0.33051
32.593,3,9.009,9.007,-0.148,-0.000,8.392,-0.200,-1.091,-0.615,-0.052,-1.091,1.253,4.697,-0.414,-0.428,2.810,0.060,0.280,-1.887,0.474,0.708,2.071,True,True,0.70711,0.00000,-0.00000,0.70711,-0.00063,-0.05603,0.01118,-0.99837,2.63969,0.02897,0.37665
32.659,3,8.533,8.532,-0.107,0.043,8.235,-0.221,-1.077,-0.297,-0.113,-1.120,1.164,4.697,-0.395,-0.435,-0.000,-0.000,-0.000,-4.697,0.395,0.435,4.733,True,True,0.70711,0.00000,-0.00000,0.70711,-0.00070,-0.05604,0.01254,-0.99835,2.58338,0.04274,0.10794
32.680,3,8.432,8.432,-0.099,0.052,8.200,-0.214,-1.055,-0.231,-0.115,-1.107,1.137,4.696,-0.389,-0.437,-0.000,-0.000,-0.000,-4.696,0.389,0.437,4.733,True,True,0.70711,0.00000,-0.00000,0.70711,-0.00073,-0.05604,0.01296,-0.99834,2.58902,0.00260,0.16712
32.763,3,8.304,8.304,-0.088,0.064,8.023,-0.181,-1.073,-0.281,-0.093,-1.137,1.175,4.696,-0.367,-0.442,-0.000,-0.000,-0.000,-4.696,0.367,0.442,4.731,True,True,0.70711,0.00000,-0.00000,0.70711,-0.00073,-0.05604,0.01303,-0.99834,2.54448,0.08811,-0.30073
32.826,3,7.992,7.991,-0.064,0.093,7.955,-0.163,-1.052,-0.036,-0.100,-1.145,1.150,4.695,-0.352,-0.445,-0.000,-0.000,-0.000,-4.695,0.352,0.445,4.729,True,True,0.70711,0.00000,-0.00000,0.70711,-0.00074,-0.05605,0.01312,-0.99834,2.58045,0.10144,-0.28857
32.847,3,7.745,7.744,-0.045,0.116,7.716,-0.134,-1.044,-0.028,-0.089,-1.160,1.164,4.695,-0.343,-0.446,-0.000,-0.000,-0.000,-4.695,0.343,0.446,4.728,True,True,0.70711,0.00000,-0.00000,0.70711,-0.00073,-0.05605,0.01301,-0.99834,2.48722,0.08685,-0.31731
32.888,3,7.579,7.578,-0.033,0.132,7.431,-0.104,-1.027,-0.146,-0.071,-1.159,1.171,4.694,-0.334,-0.448,-0.000,-0.000,-0.000,-4.694,0.334,0.448,4.728,True,True,0.70711,0.00000,-0.00000,0.70711,-0.00073,-0.05605,0.01304,-0.99834,2.54943,0.09780,-0.39222
32.930,3,7.424,7.423,-0.022,0.147,7.166,-0.082,-1.009,-0.257,-0.061,-1.156,1.185,4.694,-0.321,-0.451,-0.000,-0.000,-0.000,-4.694,0.321,0.451,4.726,True,True,0.70711,0.00000,-0.00000,0.70711,-0.00076,-0.05606,0.01350,-0.99834,2.46568,0.07780,-0.48905
32.971,3,7.209,7.207,-0.007,0.168,7.027,-0.057,-1.001,-0.180,-0.050,-1.169,1.184,4.694,-0.311,-0.453,-0.000,-0.000,-0.000,-4.694,0.311,0.453,4.726,True,True,0.70711,0.00000,-0.00000,0.70711,-0.00077,-0.05606,0.01372,-0.99833,-3.67439,-0.11854,0.68447
32.992,3,7.036,7.034,0.005,0.184,7.026,-0.029,-0.994,-0.008,-0.034,-1.179,1.179,4.693,-0.303,-0.455,-2.270,-1.660,-0.380,-6.963,-1.357,0.075,7.095,True,True,0.70711,0.00000,-0.00000,0.70711,-0.00077,-0.05607,0.01366,-0.99833,2.51906,0.13062,-0.35910
33.034,3,6.900,6.897,0.013,0.197,6.933,-0.043,-0.931,0.036,-0.056,-1.128,1.130,4.693,-0.294,-0.457,6.920,2.990,-4.310,2.227,3.284,-3.853,5.531,True,True,0.70711,0.00000,-0.00000,0.70711,-0.00078,-0.05607,0.01384,-0.99833,2.50044,0.05275,-0.40456
33.056,3,6.746,6.743,0.023,0.212,6.437,0.022,-0.745,-0.306,-0.001,-0.958,1.005,4.693,-0.285,-0.459,10.710,-3.270,-2.870,6.017,-2.985,-2.411,7.137,False,True,0.70711,0.00000,-0.00000,0.70711,-0.00079,-0.05607,0.01413,-0.99833,,,
33.102,3,6.608,6.604,0.031,0.226,6.223,0.028,-0.724,-0.381,-0.004,-0.950,1.023,4.693,-0.276,-0.460,1.650,-0.020,-0.180,-3.043,0.256,0.280,3.066,False,True,0.70711,0.00000,-0.00000,0.70711,-0.00080,-0.05608,0.01420,-0.99833,,,
33.124,3,6.459,6.454,0.040,0.241,6.110,0.037,-0.711,-0.345,-0.003,-0.952,1.012,4.692,-0.265,-0.462,3.390,-0.280,-0.390,-1.302,-0.015,0.072,1.304,False,True,0.70711,0.00000,-0.00000,0.70711,-0.00080,-0.05608,0.01423,-0.99832,,,
33.168,3,6.286,6.281,0.050,0.258,5.965,0.048,-0.699,-0.316,-0.002,-0.956,1.007,4.692,-0.253,-0.464,2.700,-0.190,-0.180,-1.992,0.063,0.284,2.013,False,True,0.70711,0.00000,-0.00000,0.70711,-0.00080,-0.05608,0.01427,-0.99832,,,
33.212,3,6.097,6.091,0.061,0.276,5.859,0.110,-0.896,-0.232,0.050,-1.172,1.196,4.692,-0.241,-0.465,1.850,-1.780,6.000,-2.842,-1.539,6.465,7.228,True,True,0.70711,0.00000,-0.00000,0.70711,-0.00080,-0.05608,0.01424,-0.99832,2.77869,0.03003,0.39221
33.255,3,5.903,5.895,0.071,0.296,5.829,0.035,-0.865,-0.065,-0.036,-1.161,1.163,4.691,-0.229,-0.467,-0.000,-0.000,-0.000,-4.691,0.229,0.467,4.720,True,True,0.70711,0.00000,-0.00000,0.70711,-0.00080,-0.05609,0.01422,-0.99832,2.81209,-0.11833,-0.22577
33.317,3,5.700,5.690,0.081,0.316,5.657,0.007,-0.839,-0.033,-0.074,-1.155,1.158,4.691,-0.211,-0.469,-0.000,-0.000,-0.000,-4.691,0.211,0.469,4.719,True,True,0.70711,0.00000,-0.00000,0.70711,-0.00079,-0.05609,0.01412,-0.99833,2.79837,-0.12432,-0.29784
33.379,3,5.400,5.388,0.095,0.346,5.302,0.160,-0.866,-0.086,0.065,-1.212,1.217,4.691,-0.197,-0.471,-0.000,-0.000,-0.000,-4.691,0.197,0.471,4.718,True,True,0.70711,0.00000,-0.00000,0.70711,-0.00079,-0.05610,0.01407,-0.99833,2.75362,0.06582,0.65500
33.400,3,5.165,5.151,0.105,0.370,5.191,0.099,-0.807,0.040,-0.006,-1.177,1.178,4.690,-0.188,-0.472,-0.000,-0.000,-0.000,-4.690,0.188,0.472,4.718,True,True,0.70711,0.00000,-0.00000,0.70711,-0.00078,-0.05610,0.01396,-0.99833,2.85580,-0.09896,-0.15606
33.423,3,5.016,5.000,0.111,0.385,5.081,0.098,-0.773,0.081,-0.014,-1.158,1.161,4.690,-0.180,-0.473,6.360,-0.930,-1.590,1.670,-0.750,-1.117,2.144,True,True,0.70711,0.00000,-0.00000,0.70711,-0.00078,-0.05610,0.01391,-0.99833,2.90925,-0.07741,-0.05191
33.466,3,4.880,4.863,0.117,0.399,4.886,0.119,-0.702,0.023,0.003,-1.101,1.101,4.690,-0.172,-0.474,-0.000,-0.000,-0.000,-4.690,0.172,0.474,4.717,True,True,0.70711,0.00000,-0.00000,0.70711,-0.00078,-0.05610,0.01395,-0.99833,2.95729,-0.03695,0.06481
33.487,3,4.746,4.726,0.122,0.417,4.778,0.124,-0.679,0.052,0.002,-1.095,1.097,4.690,-0.164,-0.471,-0.000,-0.000,-0.000,-4.690,0.164,0.471,4.716,True,True,0.70711,0.00000,-0.00000,0.70711,0.00079,0.05566,-0.01391,0.99835,2.93257,-0.05130,0.02775
33.528,3,4.614,4.591,0.126,0.444,4.701,0.103,-0.651,0.110,-0.023,-1.095,1.101,4.690,-0.156,-0.458,-0.000,-0.000,-0.000,-4.690,0.156,0.458,4.715,True,True,0.70711,0.00000,-0.00000,0.70711,0.00080,0.05415,-0.01381,0.99844,3.08110,-0.16705,-0.54975
33.549,3,4.480,4.452,0.131,0.481,4.600,0.104,-0.622,0.148,-0.028,-1.102,1.113,4.689,-0.148,-0.435,-0.000,-0.000,-0.000,-4.689,0.148,0.435,4.711,True,True,0.70711,0.00000,-0.00000,0.70711,0.00083,0.05156,-0.01369,0.99858,3.07233,-0.17776,-0.59315
33.570,3,4.202,4.161,0.140,0.568,4.549,0.123,-0.621,0.388,-0.017,-1.189,1.251,4.688,-0.139,-0.366,2.130,-1.440,0.440,-2.558,-1.301,0.806,2.981,True,True,0.70711,0.00000,-0.00000,0.70711,0.00091,0.04420,-0.01335,0.99893,2.82195,-0.03004,0.25629
33.631,3,4.170,4.127,0.141,0.578,4.310,0.119,-0.544,0.182,-0.022,-1.122,1.137,4.674,-0.126,-0.357,-0.000,-0.000,-0.000,-4.674,0.126,0.357,4.690,True,True,0.70711,0.00000,-0.00000,0.70711,0.00091,0.04331,-0.01331,0.99897,2.99048,-0.13199,-0.44494
33.674,3,3.942,3.883,0.147,0.663,4.220,0.115,-0.511,0.337,-0.033,-1.174,1.222,4.666,-0.118,-0.276,-0.000,-0.000,-0.000,-4.666,0.118,0.276,4.676,True,True,0.70711,0.00000,-0.00000,0.70711,0.00099,0.03471,-0.01327,0.99931,2.96487,-0.12744,-0.43475
33.695,3,3.801,3.733,0.151,0.703,4.042,0.154,-0.461,0.309,0.002,-1.164,1.204,4.653,-0.111,-0.235,-0.000,-0.000,-0.000,-4.653,0.111,0.235,4.660,True,True,0.70711,0.00000,-0.00000,0.70711,0.00100,0.03049,-0.01287,0.99945,2.80877,-0.01657,0.24004
33.716,3,3.665,3.585,0.155,0.743,3.933,0.143,-0.420,0.348,-0.011,-1.163,1.214,4.638,-0.105,-0.191,5.160,1.430,-2.220,0.522,1.535,-2.029,2.597,True,True,0.70711,0.00000,-0.00000,0.70711,0.00102,0.02586,-0.01261,0.99959,2.98617,-0.17387,-0.59264
33.760,3,3.541,3.450,0.158,0.783,3.721,0.176,-0.367,0.272,0.018,-1.149,1.181,4.621,-0.098,-0.144,-0.000,-0.000,-0.000,-4.621,0.098,0.144,4.624,True,True,0.70711,0.00000,-0.00000,0.70711,0.00104,0.02086,-0.01259,0.99970,2.77797,-0.00635,0.29511
33.781,3,3.294,3.178,0.163,0.851,3.587,0.189,-0.325,0.409,0.027,-1.176,1.246,4.596,-0.091,-0.055,-0.000,-0.000,-0.000,-4.596,0.091,0.055,4.597,True,True,0.70711,0.00000,-0.00000,0.70711,0.00105,0.01140,-0.01236,0.99986,2.79503,-0.00333,0.27056
33.843,3,3.263,3.144,0.163,0.858,3.382,0.192,-0.272,0.238,0.029,-1.130,1.155,4.544,-0.078,-0.045,-0.000,-0.000,-0.000,-4.544,0.078,0.045,4.545,True,True,0.70711,0.00000,-0.00000,0.70711,0.00105,0.01041,-0.01235,0.99987,2.75466,-0.01433,0.18124
33.886,3,3.009,2.858,0.167,0.925,3.304,0.187,-0.235,0.446,0.019,-1.160,1.243,4.509,-0.071,0.058,-0.000,-0.000,-0.000,-4.509,0.071,-0.058,4.510,True,True,0.70711,0.00000,-0.00000,0.70711,0.00104,-0.00089,-0.01226,0.99992,2.91485,-0.02834,0.10101
33.908,3,2.871,2.705,0.170,0.946,3.094,0.175,-0.269,0.389,0.005,-1.215,1.275,4.469,-0.064,0.096,-0.000,-0.000,-0.000,-4.469,0.064,-0.096,4.470,True,True,0.70711,0.00000,-0.00000,0.70711,0.00102,-0.00513,-0.01173,0.99992,2.42456,-0.00763,-0.01673
33.952,3,2.727,2.544,0.172,0.969,2.909,0.157,-0.278,0.365,-0.015,-1.247,1.299,4.430,-0.058,0.141,-0.000,-0.000,-0.000,-4.430,0.058,-0.141,4.433,True,True,0.70711,0.00000,-0.00000,0.70711,0.00099,-0.01021,-0.01141,0.99988,2.37924,-0.01082,-0.06612
33.972,3,2.593,2.391,0.174,0.990,2.819,0.163,-0.285,0.428,-0.012,-1.275,1.345,4.381,-0.051,0.188,3.630,-0.680,0.340,-0.751,-0.629,0.152,0.991,True,True,0.70711,0.00000,-0.00000,0.70711,0.00096,-0.01570,-0.01129,0.99981,2.32070,-0.00689,-0.02638
34.014,3,2.449,2.225,0.176,1.009,2.678,0.169,-0.297,0.453,-0.007,-1.305,1.382,4.369,-0.050,0.237,4.090,-0.110,0.400,-0.279,-0.060,0.163,0.329,True,True,0.70711,0.00000,-0.00000,0.70711,0.00092,-0.02131,-0.01112,0.99971,2.25970,0.00208,-0.02646
34.055,3,2.297,2.049,0.177,1.023,1.985,0.195,-0.359,-0.064,0.018,-1.382,1.384,4.258,-0.035,0.283,1.390,0.000,-0.060,-2.868,0.035,-0.343,2.889,False,True,0.70711,0.00000,-0.00000,0.70711,0.00087,-0.02698,-0.01104,0.99957,,,
34.099,3,2.127,1.851,0.179,1.033,1.878,0.197,-0.357,0.028,0.018,-1.390,1.391,4.187,-0.027,0.331,1.600,-0.040,-0.020,-2.587,-0.013,-0.351,2.611,False,True,0.70711,0.00000,-0.00000,0.70711,0.00082,-0.03301,-0.01057,0.99940,,,
34.141,3,1.965,1.660,0.180,1.037,1.659,0.199,-0.349,-0.001,0.018,-1.386,1.386,4.119,-0.021,0.372,1.600,-0.000,-0.070,-2.519,0.021,-0.442,2.558,False,True,0.70711,0.00000,-0.00000,0.70711,0.00075,-0.03841,-0.01037,0.99921,,,
34.858,4,23.760,23.485,-3.499,0.881,23.226,-4.346,-1.731,-0.259,-0.847,-2.612,2.759,2.913,0.081,0.237,,,,,,,,True,True,0.70711,0.00000,-0.00000,0.70711,0.00787,0.03256,0.09817,0.99461,2.54156,0.33088,0.62969
34.941,4,23.509,23.200,-3.563,-1.317,22.883,-4.230,-2.917,-0.317,-0.667,-1.600,1.762,3.060,-0.127,0.056,-0.000,-0.000,-0.000,-3.060,0.127,-0.056,3.063,True,True,0.70711,0.00000,-0.00000,0.70711,0.01089,0.08522,0.13541,0.98706,2.58926,0.40604,0.79019
34.982,4,23.318,22.910,-3.756,-2.182,22.865,-4.153,-3.943,-0.045,-0.398,-1.761,1.806,3.183,-0.335,-0.030,-0.000,-0.000,-0.000,-3.183,0.335,0.030,3.201,True,True,0.70711,0.00000,-0.00000,0.70711,0.00937,0.10663,0.14943,0.98296,2.69624,0.43171,0.71117
35.024,4,23.116,22.625,-3.940,-2.639,22.829,-3.966,-5.056,0.204,-0.027,-2.417,2.426,3.256,-0.477,-0.084,-0.000,-0.000,-0.000,-3.256,0.477,0.084,3.292,True,True,0.70711,0.00000,-0.00000,0.70711,0.00665,0.11824,0.15493,0.98080,-3.24959,-0.53842,-0.77657
35.065,4,22.999,22.473,-4.031,-2.769,22.797,-3.777,-5.847,0.324,0.254,-3.079,3.106,3.321,-0.599,-0.100,-0.000,-0.000,-0.000,-3.321,0.599,0.100,3.376,True,True,0.70711,0.00000,-0.00000,0.70711,0.00477,0.12157,0.15511,0.98038,-3.10004,-0.52056,-0.79045
35.085,4,22.999,22.473,-4.031,-2.769,22.458,-3.571,-6.139,-0.014,0.460,-3.370,3.402,3.321,-0.599,-0.100,-0.000,-0.000,-0.000,-3.321,0.599,0.100,3.376,True,True,0.70711,0.00000,-0.00000,0.70711,0.00477,0.12157,0.15511,0.98038,-3.10866,-0.55249,-0.80885
35.127,4,22.788,22.225,-4.143,-2.855,22.244,-3.418,-6.235,0.019,0.725,-3.380,3.457,3.441,-0.832,-0.126,-0.000,-0.000,-0.000,-3.441,0.832,0.126,3.542,True,True,0.70711,0.00000,-0.00000,0.70711,0.00155,0.12301,0.14782,0.98133,3.07535,0.47639,-0.21441
35.148,4,22.680,22.107,-4.183,-2.860,22.013,-3.332,-6.198,-0.094,0.851,-3.337,3.445,3.498,-0.943,-0.138,13.760,-3.860,-4.440,10.262,-2.917,-4.302,11.503,True,True,0.70711,0.00000,-0.00000,0.70711,0.00002,0.12290,0.14447,0.98185,-3.26698,-0.48454,-0.81614
35.189,4,22.573,21.996,-4.203,-2.838,21.965,-3.229,-6.214,-0.031,0.974,-3.377,3.515,3.552,-1.045,-0.145,-0.000,-0.000,-0.000,-3.552,1.045,0.145,3.705,True,True,0.70711,0.00000,-0.00000,0.70711,-0.00123,0.12190,0.13993,0.98263,-3.40502,-0.42984,-0.57105
35.210,4,22.359,21.790,-4.199,-2.736,21.691,-3.117,-6.097,-0.099,1.082,-3.361,3.532,3.614,-1.164,-0.144,-0.000,-0.000,-0.000,-3.614,1.164,0.144,3.799,True,True,0.70711,0.00000,-0.00000,0.70711,-0.00318,0.11812,0.12871,0.98462,-3.50365,-0.38758,-0.55074
35.272,4,22.333,21.765,-4.203,-2.714,20.892,-2.948,-5.699,-0.873,1.255,-2.985,3.353,3.696,-1.291,-0.139,-0.000,-0.000,-0.000,-3.696,1.291,0.139,3.917,True,True,0.70711,0.00000,-0.00000,0.70711,-0.00352,0.11765,0.12852,0.98470,2.56454,0.24256,0.59871
35.292,4,22.145,21.592,-4.197,-2.569,20.659,-2.880,-5.553,-0.933,1.317,-2.984,3.393,3.741,-1.379,-0.119,-0.000,-0.000,-0.000,-3.741,1.379,0.119,3.988,True,True,0.70711,0.00000,-0.00000,0.70711,-0.00530,0.11406,0.12483,0.98559,2.59218,0.24825,0.50259
35.336,4,22.034,21.490,-4.164,-2.515,20.859,-2.879,-5.456,-0.631,1.285,-2.941,3.270,3.783,-1.454,-0.119,-0.000,-0.000,-0.000,-3.783,1.454,0.119,4.055,True,True,0.70711,0.00000,-0.00000,0.70711,-0.00574,0.11187,0.11874,0.98659,2.66321,0.28334,0.59787
35.356,4,21.919,21.387,-4.115,-2.470,20.951,-2.912,-5.327,-0.436,1.202,-2.856,3.130,3.824,-1.524,-0.130,-0.000,-0.000,-0.000,-3.824,1.524,0.130,4.119,True,True,0.70711,0.00000,-0.00000,0.70711,-0.00591,0.10945,0.11031,0.98784,3.23238,0.28966,-0.40525
35.377,4,21.801,21.281,-4.084,-2.395,21.045,-2.920,-5.201,-0.236,1.164,-2.806,3.047,3.863,-1.591,-0.126,-0.000,-0.000,-0.000,-3.863,1.591,0.126,4.180,True,True,0.70711,0.00000,-0.00000,0.70711,-0.00648,0.10732,0.10723,0.98840,2.63000,0.22160,0.58477
35.418,4,21.685,21.178,-4.045,-2.323,20.878,-2.869,-5.038,-0.300,1.176,-2.715,2.973,3.902,-1.655,-0.120,-0.000,-0.000,-0.000,-3.902,1.655,0.120,4.240,True,True,0.70711,0.00000,-0.00000,0.70711,-0.00687,0.10516,0.10378,0.98900,2.65488,0.23185,0.55220
35.439,4,21.562,21.070,-3.980,-2.267,20.740,-2.812,-4.900,-0.330,1.168,-2.633,2.899,3.937,-1.710,-0.126,-0.000,-0.000,-0.000,-3.937,1.710,0.126,4.295,True,True,0.70711,0.00000,-0.00000,0.70711,-0.00679,0.10265,0.09654,0.99000,2.58413,0.19427,0.47757
35.501,4,21.413,20.939,-3.904,-2.198,20.773,-2.856,-4.665,-0.166,1.048,-2.467,2.686,4.000,-1.804,-0.134,-0.000,-0.000,-0.000,-4.000,1.804,0.134,4.390,True,True,0.70711,0.00000,-0.00000,0.70711,-0.00675,0.09990,0.08946,0.99095,3.16306,0.19850,-0.31725
35.542,4,21.209,20.759,-3.806,-2.097,20.846,-2.899,-4.576,0.086,0.907,-2.479,2.641,4.052,-1.882,-0.137,-0.000,-0.000,-0.000,-4.052,1.882,0.137,4.469,True,True,0.70711,0.00000,-0.00000,0.70711,-0.00677,0.09652,0.08293,0.99185,3.16029,0.18730,-0.31304
35.604,4,21.000,20.574,-3.716,-1.975,20.083,-2.697,-4.188,-0.491,1.019,-2.213,2.485,4.100,-1.957,-0.128,-0.000,-0.000,-0.000,-4.100,1.957,0.128,4.544,True,True,0.70711,0.00000,-0.00000,0.70711,-0.00706,0.09335,0.08047,0.99235,2.36580,0.23058,0.35090
35.625,4,20.787,20.384,-3.617,-1.872,20.192,-2.711,-4.122,-0.192,0.905,-2.250,2.433,4.128,-2.003,-0.123,-0.000,-0.000,-0.000,-4.128,2.003,0.123,4.590,True,True,0.70711,0.00000,-0.00000,0.70711,0.00720,-0.09041,-0.07697,-0.99290,2.63180,0.17819,0.56789
35.646,4,20.650,20.262,-3.529,-1.848,20.146,-2.678,-4.037,-0.115,0.851,-2.189,2.352,4.156,-2.041,-0.146,2.620,-1.380,-2.620,-1.536,0.661,-2.474,2.986,True,True,0.70711,0.00000,-0.00000,0.70711,0.00672,-0.08866,-0.06946,-0.99361,2.64546,0.17780,0.48170
35.686,4,20.508,20.136,-3.430,-1.833,20.035,-2.661,-3.837,-0.101,0.768,-2.004,2.149,4.181,-2.069,-0.176,-0.000,-0.000,-0.000,-4.181,2.069,0.176,4.669,True,True,0.70711,0.00000,-0.00000,0.70711,0.00602,-0.08688,-0.06015,-0.99438,3.20117,0.10974,-0.26880
35.707,4,20.379,20.021,-3.357,-1.786,19.683,-2.603,-3.663,-0.338,0.754,-1.877,2.051,4.199,-2.090,-0.181,-0.000,-0.000,-0.000,-4.199,2.090,0.181,4.694,True,True,0.70711,0.00000,-0.00000,0.70711,0.00581,-0.08534,-0.05713,-0.99470,2.54671,0.09101,0.44496
35.748,4,20.277,19.930,-3.300,-1.750,19.657,-2.612,-3.570,-0.273,0.688,-1.821,1.965,4.206,-2.096,-0.181,-4.010,1.660,-3.980,-8.216,3.756,-3.799,9.800,True,True,0.70711,0.00000,-0.00000,0.70711,0.00564,-0.08419,-0.05496,-0.99492,3.21828,0.07833,-0.30821
35.789,4,20.044,19.721,-3.157,-1.698,19.639,-2.600,-3.474,-0.083,0.557,-1.776,1.863,4.259,-2.151,-0.212,-0.000,-0.000,-0.000,-4.259,2.151,0.212,4.776,True,True,0.70711,0.00000,-0.00000,0.70711,0.00494,-0.08184,-0.04666,-0.99554,2.58802,0.10499,0.53916
35.810,4,19.917,19.606,-3.086,-1.664,18.951,-2.432,-3.140,-0.655,0.654,-1.476,1.743,4.275,-2.166,-0.219,-0.000,-0.000,-0.000,-4.275,2.166,0.219,4.798,True,True,0.70711,0.00000,-0.00000,0.70711,0.00472,-0.08075,-0.04429,-0.99574,3.52278,0.32252,0.05470
35.831,4,19.917,19.606,-3.086,-1.664,19.102,-2.452,-3.173,-0.504,0.634,-1.509,1.713,4.275,-2.166,-0.219,,,,,,,,True,True,0.70711,0.00000,-0.00000,0.70711,0.00472,-0.08075,-0.04429,-0.99574,2.59512,0.04472,0.25035
35.935,4,19.512,19.240,-2.831,-1.599,19.253,-2.472,-3.107,0.014,0.360,-1.509,1.551,4.348,-2.208,-0.288,-0.000,-0.000,-0.000,-4.348,2.208,0.288,4.886,True,True,0.70711,0.00000,-0.00000,0.70711,0.00333,-0.07729,-0.02856,-0.99659,3.16123,0.02957,-0.19137
35.955,4,19.512,19.240,-2.831,-1.599,18.695,-2.362,-2.963,-0.544,0.469,-1.365,1.542,4.348,-2.208,-0.288,-0.000,-0.000,-0.000,-4.348,2.208,0.288,4.886,True,True,0.70711,0.00000,-0.00000,0.70711,0.00333,-0.07729,-0.02856,-0.99659,2.53001,0.02614,0.44251
35.997,4,19.106,18.868,-2.611,-1.496,18.394,-2.259,-2.849,-0.474,0.352,-1.353,1.476,4.382,-2.220,-0.301,-0.000,-0.000,-0.000,-4.382,2.220,0.301,4.921,True,True,0.70711,0.00000,-0.00000,0.70711,0.00274,-0.07454,-0.02332,-0.99694,2.57419,-0.00425,0.20270
36.017,4,18.975,18.747,-2.539,-1.470,18.406,-2.244,-2.787,-0.341,0.295,-1.318,1.393,4.397,-2.223,-0.311,-0.000,-0.000,-0.000,-4.397,2.223,0.311,4.937,True,True,0.70711,0.00000,-0.00000,0.70711,0.00251,-0.07376,-0.02114,-0.99705,2.55220,0.02704,0.47687
36.059,4,18.835,18.618,-2.461,-1.443,18.068,-2.162,-2.710,-0.550,0.299,-1.267,1.413,4.413,-2.225,-0.325,-0.000,-0.000,-0.000,-4.413,2.225,0.325,4.953,True,True,0.70711,0.00000,-0.00000,0.70711,0.00225,-0.07294,-0.01838,-0.99716,2.57931,-0.01020,0.28556
36.079,4,18.835,18.618,-2.461,-1.443,17.767,-2.089,-2.644,-0.850,0.373,-1.201,1.518,4.413,-2.225,-0.325,-0.000,-0.000,-0.000,-4.413,2.225,0.325,4.953,True,True,0.70711,0.00000,-0.00000,0.70711,0.00225,-0.07294,-0.01838,-0.99716,2.50632,-0.01930,0.26342
36.121,4,18.545,18.350,-2.295,-1.396,17.926,-2.128,-2.605,-0.424,0.167,-1.208,1.291,4.439,-2.218,-0.360,-0.000,-0.000,-0.000,-4.439,2.218,0.360,4.975,True,True,0.70711,0.00000,-0.00000,0.70711,0.00155,-0.07124,-0.01050,-0.99740,2.54052,-0.00874,0.44668
36.141,4,18.270,18.093,-2.150,-1.345,18.034,-2.098,-2.595,-0.059,0.052,-1.250,1.252,4.454,-2.211,-0.373,-0.000,-0.000,-0.000,-4.454,2.211,0.373,4.986,True,True,0.70711,0.00000,-0.00000,0.70711,0.00115,-0.06995,-0.00668,-0.99753,2.56079,-0.01849,0.33893
36.183,4,18.237,18.063,-2.132,-1.341,17.731,-2.018,-2.519,-0.332,0.114,-1.179,1.230,4.468,-2.205,-0.385,,,,,,,,True,True,0.70711,0.00000,-0.00000,0.70711,0.00107,-0.06979,-0.00573,-0.99754,2.56690,-0.02373,0.30257
36.204,4,18.237,18.063,-2.132,-1.341,17.317,-1.926,-2.431,-0.745,0.205,-1.091,1.337,4.468,-2.205,-0.385,9.150,-1.060,-1.210,4.682,1.145,-0.825,4.890,True,True,0.70711,0.00000,-0.00000,0.70711,0.00107,-0.06979,-0.00573,-0.99754,2.51386,-0.02688,0.30632
36.265,4,17.914,17.760,-1.962,-1.281,17.115,-1.837,-2.334,-0.645,0.125,-1.053,1.242,4.492,-2.184,-0.409,-0.000,-0.000,-0.000,-4.492,2.184,0.409,5.011,True,True,0.70711,0.00000,-0.00000,0.70711,0.00059,-0.06828,-0.00052,-0.99767,2.54586,-0.01527,0.44148
36.286,4,17.728,17.586,-1.853,-1.267,16.806,-1.818,-2.320,-0.780,0.035,-1.052,1.310,4.500,-2.167,-0.442,-0.000,-0.000,-0.000,-4.500,2.167,0.442,5.014,True,True,0.70711,0.00000,-0.00000,0.70711,-0.00003,-0.06750,0.00762,-0.99769,2.72227,-0.11244,-0.12184
36.307,4,17.517,17.386,-1.748,-1.229,16.551,-1.735,-2.246,-0.835,0.013,-1.017,1.316,4.510,-2.151,-0.452,-0.000,-0.000,-0.000,-4.510,2.151,0.452,5.017,True,True,0.70711,0.00000,-0.00000,0.70711,-0.00028,-0.06670,0.01024,-0.99772,2.54843,-0.03452,0.41227
36.391,4,17.380,17.257,-1.679,-1.207,16.728,-1.683,-2.225,-0.528,-0.004,-1.018,1.147,4.530,-2.112,-0.471,-0.000,-0.000,-0.000,-4.530,2.112,0.471,5.020,True,True,0.70711,0.00000,-0.00000,0.70711,-0.00048,-0.06621,0.01260,-0.99773,2.52269,-0.06146,0.29560
36.412,4,17.132,17.022,-1.558,-1.164,16.499,-1.629,-2.162,-0.523,-0.071,-0.998,1.129,4.539,-2.092,-0.481,-0.000,-0.000,-0.000,-4.539,2.092,0.481,5.020,True,True,0.70711,0.00000,-0.00000,0.70711,-0.00076,-0.06537,0.01584,-0.99774,2.52768,-0.04893,0.27651
36.432,4,16.988,16.884,-1.493,-1.135,16.382,-1.554,-2.108,-0.502,-0.062,-0.973,1.097,4.544,-2.079,-0.482,-0.000,-0.000,-0.000,-4.544,2.079,0.482,5.020,True,True,0.70711,0.00000,-0.00000,0.70711,-0.00081,-0.06493,0.01610,-0.99776,2.55251,-0.04874,0.34246
36.515,4,16.748,16.655,-1.371,-1.106,16.239,-1.490,-2.092,-0.416,-0.119,-0.986,1.077,4.563,-2.016,-0.516,8.790,-3.590,-0.320,4.227,-1.574,0.196,4.515,True,True,0.70711,0.00000,-0.00000,0.70711,-0.00132,-0.06419,0.02316,-0.99767,2.58373,-0.06544,0.31610
36.556,4,16.748,16.655,-1.371,-1.106,16.216,-1.451,-2.059,-0.440,-0.081,-0.954,1.053,4.563,-2.016,-0.516,-8.570,1.770,-1.300,-13.133,3.786,-0.784,13.690,True,True,0.70711,0.00000,-0.00000,0.70711,-0.00132,-0.06419,0.02316,-0.99767,2.54466,-0.05970,0.40589
36.598,4,16.260,16.187,-1.156,-1.018,15.936,-1.334,-2.018,-0.251,-0.177,-1.000,1.046,4.578,-1.962,-0.522,-0.000,-0.000,-0.000,-4.578,1.962,0.522,5.008,True,True,0.70711,0.00000,-0.00000,0.70711,-0.00156,-0.06296,0.02566,-0.99769,2.55929,-0.09229,0.29631
36.618,4,16.260,16.187,-1.156,-1.018,14.968,-1.105,-1.739,-1.218,0.051,-0.721,1.417,4.578,-1.962,-0.522,-0.000,-0.000,-0.000,-4.578,1.962,0.522,5.008,True,True,0.70711,0.00000,-0.00000,0.70711,-0.00156,-0.06296,0.02566,-0.99769,3.55240,0.02956,-0.04719
36.660,4,16.009,15.945,-1.049,-0.977,14.794,-1.059,-1.796,-1.151,-0.010,-0.819,1.412,4.590,-1.909,-0.532,-0.000,-0.000,-0.000,-4.590,1.909,0.532,5.000,True,True,0.70711,0.00000,-0.00000,0.70711,-0.00170,-0.06243,0.02741,-0.99767,2.51176,-0.05067,0.39128
36.701,4,15.827,15.769,-0.969,-0.950,12.334,-0.657,-1.378,-3.434,0.312,-0.428,3.475,4.595,-1.880,-0.543,-0.000,-0.000,-0.000,-4.595,1.880,0.543,4.995,True,True,0.70711,0.00000,-0.00000,0.70711,0.00192,0.06200,-0.03062,0.99760,-2.34608,-0.20147,-0.06816
36.721,4,15.681,15.627,-0.906,-0.928,11.699,-0.523,-1.229,-3.928,0.383,-0.300,3.958,4.600,-1.853,-0.551,-0.000,-0.000,-0.000,-4.600,1.853,0.551,4.990,True,True,0.70711,0.00000,-0.00000,0.70711,0.00208,0.06170,-0.03311,0.99754,-2.38098,-0.21459,-0.01390
36.742,4,15.427,15.381,-0.798,-0.891,11.388,-0.453,-1.144,-3.992,0.345,-0.253,4.015,4.605,-1.818,-0.567,-0.000,-0.000,-0.000,-4.605,1.818,0.567,4.983,True,True,0.70711,0.00000,-0.00000,0.70711,0.00240,0.06119,-0.03805,0.99740,-2.40679,-0.18446,0.01758
36.804,4,15.394,15.349,-0.784,-0.886,10.953,-0.338,-1.110,-4.396,0.446,-0.224,4.424,4.612,-1.764,-0.572,-0.000,-0.000,-0.000,-4.612,1.764,0.572,4.971,True,True,0.70711,0.00000,-0.00000,0.70711,0.00243,0.06113,-0.03855,0.99738,-2.36061,-0.15615,-0.05257
36.827,4,15.129,15.090,-0.682,-0.843,10.912,-0.324,-1.105,-4.178,0.358,-0.261,4.202,4.616,-1.735,-0.576,-4.300,0.830,0.160,-8.916,2.565,0.736,9.307,True,True,0.70711,0.00000,-0.00000,0.70711,0.00256,0.06069,-0.04040,0.99734,-2.37628,-0.16454,-0.03986
36.868,4,15.005,14.969,-0.637,-0.822,10.982,-0.300,-1.106,-3.987,0.336,-0.284,4.011,4.620,-1.706,-0.574,-0.000,-0.000,-0.000,-4.620,1.706,0.574,4.958,True,True,0.70711,0.00000,-0.00000,0.70711,0.00253,0.06050,-0.04003,0.99736,-2.40063,-0.14644,-0.01513
36.888,4,15.005,14.969,-0.637,-0.822,11.072,-0.295,-1.110,-3.898,0.341,-0.288,3.923,4.620,-1.706,-0.574,-5.110,-0.130,0.250,-9.730,1.576,0.824,9.891,True,True,0.70711,0.00000,-0.00000,0.70711,0.00253,0.06050,-0.04003,0.99736,-2.40032,-0.16131,-0.02623
36.930,4,14.855,14.823,-0.582,-0.797,11.198,-0.285,-1.103,-3.624,0.297,-0.307,3.649,4.623,-1.675,-0.574,-3.070,-0.400,-0.800,-7.693,1.275,-0.226,7.801,True,True,0.70711,0.00000,-0.00000,0.70711,0.00256,0.06025,-0.04032,0.99737,-2.41036,-0.16989,0.01389
36.950,4,14.517,14.491,-0.456,-0.746,11.240,-0.270,-1.122,-3.251,0.186,-0.376,3.278,4.630,-1.605,-0.585,2.170,-0.570,2.050,-2.460,1.035,2.635,3.750,True,True,0.70711,0.00000,-0.00000,0.70711,0.00283,0.05976,-0.04483,0.99720,-2.46665,-0.13791,0.04433
36.992,4,14.404,14.380,-0.417,-0.729,11.270,-0.237,-1.125,-3.110,0.180,-0.396,3.140,4.633,-1.567,-0.586,-2.460,-1.760,-1.530,-7.093,-0.193,-0.944,7.158,True,True,0.70711,0.00000,-0.00000,0.70711,0.00286,0.05964,-0.04550,0.99718,-2.42898,-0.14202,0.04348
37.033,4,14.243,14.221,-0.362,-0.704,12.073,-0.281,-1.276,-2.148,0.081,-0.572,2.224,4.637,-1.529,-0.587,-0.000,-0.000,-0.000,-4.637,1.529,0.587,4.917,True,True,0.70711,0.00000,-0.00000,0.70711,0.00290,0.05945,-0.04613,0.99716,3.57549,-0.04272,-0.05685
37.053,4,14.076,14.056,-0.307,-0.678,11.432,-0.207,-1.164,-2.624,0.100,-0.486,2.671,4.639,-1.496,-0.588,-0.000,-0.000,-0.000,-4.639,1.496,0.588,4.910,True,True,0.70711,0.00000,-0.00000,0.70711,0.00295,0.05924,-0.04705,0.99713,-2.44413,-0.14900,0.07687
37.095,4,13.934,13.916,-0.260,-0.656,12.195,-0.235,-1.291,-1.721,0.026,-0.635,1.834,4.642,-1.462,-0.589,-0.000,-0.000,-0.000,-4.642,1.462,0.589,4.902,True,True,0.70711,0.00000,-0.00000,0.70711,0.00301,0.05908,-0.04822,0.99708,3.50703,-0.02366,0.00102
37.115,4,13.794,13.778,-0.215,-0.635,12.314,-0.216,-1.361,-1.464,-0.001,-0.725,1.634,4.644,-1.428,-0.592,-0.000,-0.000,-0.000,-4.644,1.428,0.592,4.894,True,True,0.70711,0.00000,-0.00000,0.70711,0.00310,0.05892,-0.04980,0.99701,3.48028,-0.07506,0.07186
37.156,4,13.656,13.641,-0.172,-0.614,12.365,-0.198,-1.389,-1.276,-0.027,-0.775,1.493,4.646,-1.386,-0.593,-0.000,-0.000,-0.000,-4.646,1.386,0.593,4.885,True,True,0.70711,0.00000,-0.00000,0.70711,0.00317,0.05878,-0.05096,0.99696,3.46213,-0.06433,0.02351
37.176,4,13.491,13.478,-0.122,-0.589,12.361,-0.183,-1.372,-1.116,-0.061,-0.783,1.365,4.648,-1.354,-0.592,1.150,-0.800,-1.750,-3.498,0.554,-1.158,3.726,True,True,0.70711,0.00000,-0.00000,0.70711,0.00319,0.05862,-0.05142,0.99695,3.35856,-0.06004,0.03441
37.218,4,13.356,13.344,-0.083,-0.569,12.523,-0.164,-1.410,-0.820,-0.080,-0.841,1.177,4.650,-1.321,-0.591,-0.000,-0.000,-0.000,-4.650,1.321,0.591,4.870,True,True,0.70711,0.00000,-0.00000,0.70711,0.00320,0.05850,-0.05171,0.99694,3.39025,-0.06879,-0.02310
37.239,4,13.078,13.067,-0.004,-0.528,12.270,-0.120,-1.409,-0.797,-0.115,-0.882,1.194,4.653,-1.276,-0.592,-0.000,-0.000,-0.000,-4.653,1.276,0.592,4.860,True,True,0.70711,0.00000,-0.00000,0.70711,0.00328,0.05826,-0.05337,0.99687,3.43019,-0.10842,0.04348
37.301,4,13.045,13.035,0.004,-0.523,12.356,-0.145,-1.506,-0.679,-0.149,-0.983,1.204,4.655,-1.222,-0.590,-0.000,-0.000,-0.000,-4.655,1.222,0.590,4.849,True,True,0.70711,0.00000,-0.00000,0.70711,0.00328,0.05823,-0.05348,0.99686,2.53244,-0.13858,0.29611
37.322,4,12.826,12.816,0.063,-0.491,12.036,-0.078,-1.461,-0.780,-0.140,-0.970,1.253,4.657,-1.186,-0.588,,,,,,,,True,True,0.70711,0.00000,-0.00000,0.70711,0.00331,0.05807,-0.05404,0.99684,2.25820,-0.06087,0.10968
37.363,4,12.684,12.675,0.097,-0.471,12.167,-0.079,-1.510,-0.508,-0.176,-1.039,1.170,4.658,-1.154,-0.583,-0.000,-0.000,-0.000,-4.658,1.154,0.583,4.834,True,True,0.70711,0.00000,-0.00000,0.70711,0.00323,0.05798,-0.05287,0.99691,2.57325,-0.14966,0.29497
37.383,4,12.545,12.537,0.131,-0.451,12.074,-0.001,-1.368,-0.463,-0.133,-0.917,1.036,4.660,-1.121,-0.581,-0.000,-0.000,-0.000,-4.660,1.121,0.581,4.828,True,True,0.70711,0.00000,-0.00000,0.70711,0.00323,0.05788,-0.05298,0.99691,3.49523,-0.08001,-0.03983
37.427,4,12.409,12.400,0.165,-0.432,12.005,-0.009,-1.466,-0.395,-0.174,-1.035,1.121,4.661,-1.086,-0.581,-0.000,-0.000,-0.000,-4.661,1.086,0.581,4.821,True,True,0.70711,0.00000,-0.00000,0.70711,0.00329,0.05779,-0.05418,0.99685,2.54403,-0.14469,0.33552
37.447,4,12.272,12.264,0.197,-0.412,11.808,0.073,-1.330,-0.455,-0.124,-0.917,1.031,4.662,-1.052,-0.579,-0.000,-0.000,-0.000,-4.662,1.052,0.579,4.814,True,True,0.70711,0.00000,-0.00000,0.70711,0.00330,0.05771,-0.05442,0.99684,3.48711,-0.08722,-0.05314
37.489,4,11.992,11.983,0.259,-0.374,11.216,0.172,-1.241,-0.768,-0.087,-0.867,1.161,4.664,-1.009,-0.575,-0.000,-0.000,-0.000,-4.664,1.009,0.575,4.806,True,True,0.70711,0.00000,-0.00000,0.70711,0.00329,0.05755,-0.05460,0.99684,3.58971,-0.12532,-0.03173
37.530,4,11.960,11.951,0.266,-0.369,11.492,0.124,-1.409,-0.459,-0.142,-1.039,1.145,4.665,-0.958,-0.573,-0.000,-0.000,-0.000,-4.665,0.958,0.573,4.797,True,True,0.70711,0.00000,-0.00000,0.70711,0.00329,0.05753,-0.05461,0.99684,2.60409,-0.16300,0.17327
37.551,4,11.960,11.951,0.266,-0.369,11.445,0.115,-1.453,-0.506,-0.151,-1.083,1.205,4.665,-0.958,-0.573,-0.000,-0.000,-0.000,-4.665,0.958,0.573,4.797,True,True,0.70711,0.00000,-0.00000,0.70711,0.00329,0.05753,-0.05461,0.99684,2.58010,-0.15785,0.20705
37.592,4,11.615,11.606,0.335,-0.324,11.709,0.116,-1.507,0.103,-0.220,-1.183,1.208,4.667,-0.894,-0.566,-0.000,-0.000,-0.000,-4.667,0.894,0.566,4.786,True,True,0.70711,0.00000,-0.00000,0.70711,0.00323,0.05737,-0.05387,0.99689,2.72526,-0.17112,-0.02903
37.628,4,11.481,11.471,0.361,-0.307,11.662,0.124,-1.502,0.191,-0.237,-1.196,1.234,4.668,-0.863,-0.562,-0.000,-0.000,-0.000,-4.668,0.863,0.562,4.780,True,True,0.70711,0.00000,-0.00000,0.70711,0.00317,0.05732,-0.05303,0.99694,2.80066,-0.14685,0.12878
37.650,4,11.214,11.203,0.410,-0.272,10.844,0.282,-1.274,-0.359,-0.127,-1.003,1.073,4.669,-0.823,-0.561,-0.000,-0.000,-0.000,-4.669,0.823,0.561,4.774,True,True,0.70711,0.00000,-0.00000,0.70711,0.00323,0.05722,-0.05425,0.99688,3.55690,-0.11934,-0.06341
37.692,4,11.182,11.171,0.415,-0.267,10.657,0.326,-1.275,-0.514,-0.089,-1.007,1.134,4.670,-0.774,-0.557,0.250,-0.610,3.900,-4.420,0.164,4.457,6.280,True,True,0.70711,0.00000,-0.00000,0.70711,0.00322,0.05721,-0.05420,0.99688,2.29448,-0.05325,0.15485
37.733,4,10.975,10.963,0.450,-0.241,10.400,0.381,-1.272,-0.564,-0.069,-1.031,1.177,4.671,-0.742,-0.555,-0.000,-0.000,-0.000,-4.671,0.742,0.555,4.762,True,True,0.70711,0.00000,-0.00000,0.70711,0.00321,0.05713,-0.05414,0.99689,2.28708,-0.04975,0.14991
37.754,4,10.842,10.829,0.471,-0.225,10.838,0.296,-1.395,0.009,-0.174,-1.170,1.183,4.672,-0.713,-0.550,-0.000,-0.000,-0.000,-4.672,0.713,0.550,4.758,True,True,0.70711,0.00000,-0.00000,0.70711,0.00314,0.05708,-0.05302,0.99696,2.78847,-0.16216,-0.05684
37.775,4,10.711,10.698,0.490,-0.209,10.461,0.377,-1.330,-0.237,-0.113,-1.121,1.151,4.672,-0.684,-0.547,-0.000,-0.000,-0.000,-4.672,0.684,0.547,4.754,True,True,0.70711,0.00000,-0.00000,0.70711,0.00309,0.05704,-0.05216,0.99700,2.32082,-0.06768,0.10871
37.815,4,10.443,10.428,0.529,-0.176,10.053,0.449,-1.185,-0.375,-0.079,-1.009,1.080,4.673,-0.646,-0.543,-0.000,-0.000,-0.000,-4.673,0.646,0.543,4.749,True,True,0.70711,0.00000,-0.00000,0.70711,0.00307,0.05695,-0.05210,0.99701,3.51465,-0.11602,-0.03557
37.897,4,10.411,10.396,0.533,-0.172,9.874,0.422,-1.297,-0.522,-0.111,-1.125,1.245,4.675,-0.573,-0.538,-0.000,-0.000,-0.000,-4.675,0.573,0.538,4.740,True,True,0.70711,0.00000,-0.00000,0.70711,0.00307,0.05694,-0.05203,0.99702,2.53586,-0.16150,0.13446
37.938,4,10.083,10.066,0.575,-0.132,9.769,0.450,-1.179,-0.297,-0.125,-1.047,1.096,4.675,-0.518,-0.534,-0.000,-0.000,-0.000,-4.675,0.518,0.534,4.734,True,True,0.70711,0.00000,-0.00000,0.70711,0.00306,0.05685,-0.05221,0.99701,3.50449,-0.15427,-0.03122
37.979,4,9.842,9.823,0.602,-0.104,9.697,0.450,-1.239,-0.127,-0.152,-1.135,1.152,4.676,-0.471,-0.529,1.820,0.260,3.250,-2.856,0.731,3.779,4.793,True,True,0.70711,0.00000,-0.00000,0.70711,0.00300,0.05680,-0.05135,0.99706,2.56368,-0.15217,0.21311
38.021,4,9.622,9.602,0.625,-0.079,9.182,0.553,-1.181,-0.420,-0.072,-1.102,1.181,4.677,-0.442,-0.525,-0.000,-0.000,-0.000,-4.677,0.442,0.525,4.727,True,True,0.70711,0.00000,-0.00000,0.70711,0.00295,0.05675,-0.05064,0.99710,2.28942,-0.03789,0.11048
38.042,4,9.622,9.602,0.625,-0.079,9.193,0.522,-1.253,-0.409,-0.103,-1.174,1.248,4.677,-0.442,-0.525,-0.000,-0.000,-0.000,-4.677,0.442,0.525,4.727,True,True,0.70711,0.00000,-0.00000,0.70711,0.00295,0.05675,-0.05064,0.99710,2.59368,-0.16129,0.15414
38.083,4,9.221,9.197,0.661,-0.035,8.928,0.607,-1.167,-0.269,-0.054,-1.132,1.165,4.678,-0.381,-0.519,-0.000,-0.000,-0.000,-4.678,0.381,0.519,4.722,True,True,0.70711,0.00000,-0.00000,0.70711,0.00283,0.05667,-0.04876,0.99720,2.33876,-0.02563,0.13985
38.125,4,9.189,9.165,0.663,-0.031,8.731,0.639,-1.135,-0.434,-0.024,-1.104,1.186,4.678,-0.337,-0.517,-0.000,-0.000,-0.000,-4.678,0.337,0.517,4.719,True,True,0.70711,0.00000,-0.00000,0.70711,0.00283,0.05667,-0.04874,0.99720,2.38256,-0.03295,0.12575
38.146,4,8.974,8.949,0.679,-0.007,8.672,0.601,-1.196,-0.277,-0.078,-1.189,1.223,4.678,-0.315,-0.514,1.120,3.410,5.140,-3.558,3.725,5.654,7.649,True,True,0.70711,0.00000,-0.00000,0.70711,0.00280,0.05663,-0.04829,0.99722,2.47232,-0.11515,0.18928
38.168,4,8.759,8.731,0.693,0.014,8.565,0.573,-1.235,-0.166,-0.120,-1.249,1.266,4.679,-0.289,-0.511,3.710,-0.660,-1.510,-0.969,-0.371,-0.999,1.440,True,True,0.70711,0.00000,-0.00000,0.70711,0.00266,0.05660,-0.04589,0.99734,2.53760,-0.13285,0.15200
38.229,4,8.726,8.699,0.695,0.018,8.427,0.579,-1.225,-0.272,-0.116,-1.243,1.278,4.679,-0.243,-0.508,5.280,-0.820,-0.860,0.601,-0.577,-0.352,0.904,True,True,0.70711,0.00000,-0.00000,0.70711,0.00265,0.05659,-0.04573,0.99735,2.58705,-0.13959,0.11373
38.250,4,8.487,8.458,0.708,0.044,8.309,0.590,-1.208,-0.149,-0.118,-1.253,1.267,4.679,-0.224,-0.506,-0.000,-0.000,-0.000,-4.679,0.224,0.506,4.712,True,True,0.70711,0.00000,-0.00000,0.70711,0.00263,0.05656,-0.04552,0.99736,2.59904,-0.15084,0.12565
38.270,4,8.388,8.357,0.713,0.054,8.059,0.613,-1.175,-0.299,-0.100,-1.229,1.268,4.680,-0.207,-0.504,-0.000,-0.000,-0.000,-4.680,0.207,0.504,4.711,True,True,0.70711,0.00000,-0.00000,0.70711,0.00257,0.05654,-0.04455,0.99740,2.59056,-0.12719,0.18840
38.332,4,8.258,8.226,0.719,0.066,7.904,0.621,-1.170,-0.322,-0.098,-1.237,1.282,4.680,-0.161,-0.501,-0.000,-0.000,-0.000,-4.680,0.161,0.501,4.710,True,True,0.70711,0.00000,-0.00000,0.70711,0.00250,0.05653,-0.04322,0.99746,2.58506,-0.14347,0.12516
38.353,4,8.031,7.998,0.727,0.091,7.857,0.625,-1.167,-0.141,-0.102,-1.258,1.270,4.680,-0.137,-0.499,0.960,-0.140,-0.160,-3.720,-0.003,0.339,3.736,True,True,0.70711,0.00000,-0.00000,0.70711,0.00248,0.05650,-0.04296,0.99747,2.60292,-0.12914,0.13560
38.374,4,7.900,7.865,0.731,0.103,7.662,0.642,-1.159,-0.203,-0.090,-1.262,1.282,4.680,-0.120,-0.498,11.170,-1.010,-0.370,6.490,-0.890,0.128,6.552,True,True,0.70711,0.00000,-0.00000,0.70711,0.00240,0.05649,-0.04160,0.99753,2.50160,-0.08896,0.19549
38.415,4,7.789,7.753,0.734,0.113,7.516,0.658,-1.158,-0.237,-0.077,-1.271,1.295,4.681,-0.095,-0.496,-1.030,-0.130,0.320,-5.711,-0.035,0.816,5.769,True,True,0.70711,0.00000,-0.00000,0.70711,0.00232,0.05648,-0.04029,0.99759,2.56520,-0.11038,0.12247
38.435,4,7.639,7.602,0.738,0.129,7.376,0.659,-1.145,-0.226,-0.079,-1.274,1.296,4.681,-0.079,-0.495,-0.000,-0.000,-0.000,-4.681,0.079,0.495,4.708,True,True,0.70711,0.00000,-0.00000,0.70711,0.00230,0.05646,-0.03993,0.99760,2.55729,-0.11343,0.17056
38.518,4,7.414,7.376,0.741,0.151,7.226,0.674,-1.104,-0.150,-0.067,-1.256,1.266,4.681,-0.020,-0.491,9.380,-1.210,-2.790,4.699,-1.190,-2.299,5.365,True,True,0.70711,0.00000,-0.00000,0.70711,0.00221,0.05644,-0.03844,0.99766,2.63833,-0.11596,0.16941
38.539,4,7.169,7.128,0.743,0.176,7.068,0.684,-1.073,-0.060,-0.059,-1.249,1.252,4.681,0.002,-0.490,0.990,0.370,0.530,-3.691,0.368,1.020,3.847,True,True,0.70711,0.00000,-0.00000,0.70711,0.00216,0.05642,-0.03775,0.99769,2.62250,-0.11841,0.13343
38.581,4,7.027,6.985,0.744,0.189,6.800,0.702,-1.029,-0.185,-0.042,-1.219,1.233,4.682,0.023,-0.489,-0.000,-0.000,-0.000,-4.682,-0.023,0.489,4.707,True,True,0.70711,0.00000,-0.00000,0.70711,0.00208,0.05641,-0.03626,0.99775,2.63342,-0.10949,0.16293
38.604,4,6.747,6.702,0.743,0.217,6.721,0.701,-1.021,0.019,-0.042,-1.238,1.239,4.682,0.046,-0.488,2.050,0.400,0.040,-2.632,0.354,0.528,2.707,True,True,0.70711,0.00000,-0.00000,0.70711,0.00198,0.05640,-0.03456,0.99781,2.66850,-0.12680,0.14499
38.666,4,6.714,6.670,0.742,0.220,6.503,0.708,-0.995,-0.167,-0.034,-1.215,1.227,4.682,0.077,-0.487,10.740,-0.690,-1.330,6.058,-0.767,-0.843,6.164,True,True,0.70711,0.00000,-0.00000,0.70711,0.00196,0.05639,-0.03428,0.99782,2.64260,-0.10004,0.16987
38.707,4,6.494,6.447,0.739,0.242,6.397,0.714,-0.980,-0.050,-0.026,-1.222,1.223,4.682,0.106,-0.486,0.190,0.010,-0.230,-4.492,-0.096,0.256,4.500,True,True,0.70711,0.00000,-0.00000,0.70711,0.00191,0.05638,-0.03338,0.99785,2.63964,-0.10118,0.17595
38.750,4,6.280,6.231,0.735,0.263,6.128,0.720,-0.947,-0.103,-0.015,-1.210,1.214,4.682,0.126,-0.485,-0.000,-0.000,-0.000,-4.682,-0.126,0.485,4.709,True,True,0.70711,0.00000,-0.00000,0.70711,0.00187,0.05637,-0.03268,0.99787,2.66085,-0.09621,0.15042
38.770,4,6.128,6.077,0.732,0.277,5.938,0.726,-0.924,-0.139,-0.006,-1.200,1.208,4.682,0.143,-0.485,-0.000,-0.000,-0.000,-4.682,-0.143,0.485,4.709,True,True,0.70711,0.00000,-0.00000,0.70711,0.00177,0.05636,-0.03097,0.99793,2.69419,-0.09916,0.11510
38.791,4,5.989,5.937,0.729,0.289,5.849,0.724,-0.912,-0.089,-0.004,-1.201,1.205,4.682,0.158,-0.485,3.500,0.240,-0.440,-1.182,0.082,0.045,1.186,True,True,0.70711,0.00000,-0.00000,0.70711,0.00167,0.05636,-0.02929,0.99798,2.69731,-0.09724,0.11931
38.832,4,5.853,5.800,0.725,0.302,5.625,0.725,-0.889,-0.175,-0.000,-1.191,1.204,4.682,0.173,-0.485,-0.000,-0.000,-0.000,-4.682,-0.173,0.485,4.711,True,True,0.70711,0.00000,-0.00000,0.70711,0.00161,0.05635,-0.02818,0.99801,2.67311,-0.08657,0.13200
38.853,4,5.720,5.665,0.721,0.314,5.555,0.728,-0.879,-0.111,0.007,-1.193,1.198,4.683,0.188,-0.485,2.410,-0.220,-0.520,-2.273,-0.408,-0.035,2.309,True,True,0.70711,0.00000,-0.00000,0.70711,0.00155,0.05634,-0.02717,0.99804,2.73044,-0.08338,0.11476
38.894,4,5.578,5.522,0.716,0.328,5.385,0.709,-0.865,-0.137,-0.007,-1.193,1.201,4.683,0.201,-0.485,-0.000,-0.000,-0.000,-4.683,-0.201,0.485,4.712,True,True,0.70711,0.00000,-0.00000,0.70711,0.00149,0.05634,-0.02612,0.99807,2.65218,-0.09222,0.16522
38.915,4,5.452,5.395,0.711,0.340,5.308,0.714,-0.856,-0.087,0.004,-1.195,1.198,4.683,0.214,-0.485,3.690,-0.740,-0.630,-0.993,-0.954,-0.145,1.385,True,True,0.70711,0.00000,-0.00000,0.70711,0.00144,0.05633,-0.02521,0.99809,2.72713,-0.08955,0.10411
38.935,4,5.452,5.395,0.711,0.340,5.178,0.721,-0.835,-0.217,0.010,-1.174,1.194,4.683,0.214,-0.485,4.150,-0.120,-0.850,-0.533,-0.334,-0.365,0.727,True,True,0.70711,0.00000,-0.00000,0.70711,0.00144,0.05633,-0.02521,0.99809,2.73985,-0.06814,0.11580
38.976,4,5.039,4.977,0.692,0.380,5.049,0.719,-0.816,0.072,0.027,-1.196,1.198,4.683,0.244,-0.485,3.650,0.410,-0.340,-1.033,0.166,0.145,1.056,True,True,0.70711,0.00000,-0.00000,0.70711,0.00130,0.05632,-0.02289,0.99815,2.72301,-0.07877,0.10936
39.039,4,5.007,4.944,0.691,0.383,4.782,0.693,-0.792,-0.162,0.002,-1.175,1.186,4.683,0.263,-0.485,-0.000,-0.000,-0.000,-4.683,-0.263,0.485,4.715,True,True,0.70711,0.00000,-0.00000,0.70711,0.00129,0.05632,-0.02264,0.99816,2.65238,-0.07314,0.17198
39.060,4,4.797,4.730,0.680,0.415,4.687,0.705,-0.775,-0.043,0.025,-1.190,1.191,4.683,0.275,-0.475,-0.000,-0.000,-0.000,-4.683,-0.275,0.475,4.715,True,True,0.70711,0.00000,-0.00000,0.70711,0.00128,0.05520,-0.02205,0.99823,2.75676,-0.07247,0.08886
39.081,4,4.797,4.730,0.680,0.415,4.592,0.698,-0.762,-0.138,0.018,-1.176,1.185,4.683,0.275,-0.475,5.560,0.720,-0.730,0.877,0.445,-0.255,1.016,True,True,0.70711,0.00000,-0.00000,0.70711,0.00128,0.05520,-0.02205,0.99823,2.72020,-0.07539,0.10755
39.122,4,4.541,4.468,0.665,0.462,4.058,0.661,-0.679,-0.410,-0.004,-1.142,1.213,4.682,0.297,-0.452,-0.000,-0.000,-0.000,-4.682,-0.297,0.452,4.713,True,True,0.70711,0.00000,-0.00000,0.70711,0.00127,0.05266,-0.02095,0.99839,2.35746,-0.12040,0.29245
39.143,4,4.275,4.192,0.649,0.538,4.035,0.688,-0.519,-0.157,0.039,-1.057,1.069,4.682,0.309,-0.395,1.280,0.040,-0.190,-3.402,-0.269,0.205,3.419,False,True,0.70711,0.00000,-0.00000,0.70711,0.00130,0.04656,-0.01932,0.99873,,,
39.210,4,4.244,4.158,0.647,0.548,3.341,0.635,-0.530,-0.817,-0.013,-1.078,1.353,4.670,0.327,-0.385,-0.000,-0.000,-0.000,-4.670,-0.327,0.385,4.697,True,True,0.70711,0.00000,-0.00000,0.70711,0.00130,0.04559,-0.01903,0.99878,2.31312,-0.08547,0.27282
39.251,4,4.011,3.909,0.632,0.638,3.364,0.636,-0.533,-0.545,0.004,-1.171,1.291,4.657,0.342,-0.298,-1.740,-0.130,0.210,-6.397,-0.472,0.508,6.434,True,True,0.70711,0.00000,-0.00000,0.70711,0.00137,0.03646,-0.01788,0.99917,2.33008,-0.08569,0.23452
39.272,4,4.011,3.909,0.632,0.638,3.539,0.666,-0.480,-0.370,0.034,-1.117,1.178,4.657,0.342,-0.298,-4.200,-0.820,-1.730,-8.857,-1.162,-1.432,9.047,False,True,0.70711,0.00000,-0.00000,0.70711,0.00137,0.03646,-0.01788,0.99917,,,
39.318,4,3.633,3.506,0.608,0.737,2.874,0.602,-0.395,-0.632,-0.006,-1.132,1.296,4.625,0.358,-0.193,9.080,0.870,-1.170,4.455,0.512,-0.977,4.590,True,True,0.70711,0.00000,-0.00000,0.70711,0.00134,0.02523,-0.01433,0.99958,2.26220,-0.03908,0.29734
39.360,4,3.488,3.346,0.598,0.782,2.853,0.595,-0.380,-0.493,-0.003,-1.161,1.262,4.592,0.368,-0.136,1.600,0.500,-1.120,-2.992,0.132,-0.984,3.152,True,True,0.70711,0.00000,-0.00000,0.70711,0.00131,0.01927,-0.01286,0.99973,2.29157,-0.08142,0.36380
39.404,4,3.279,3.115,0.580,0.842,2.814,0.596,-0.359,-0.301,0.016,-1.201,1.238,4.559,0.376,-0.055,1.340,-0.570,-0.460,-3.219,-0.946,-0.405,3.380,True,True,0.70711,0.00000,-0.00000,0.70711,0.00129,0.01064,-0.01244,0.99987,2.29346,-0.05534,0.22814
39.446,4,3.106,2.924,0.565,0.880,2.758,0.594,-0.336,-0.167,0.029,-1.216,1.228,4.509,0.386,0.003,2.390,0.550,-0.890,-2.119,0.164,-0.893,2.305,True,True,0.70711,0.00000,-0.00000,0.70711,0.00125,0.00437,-0.01211,0.99992,2.30579,-0.09350,0.25269
39.511,4,2.890,2.683,0.547,0.924,2.940,0.570,-0.293,0.257,0.023,-1.217,1.244,4.448,0.396,0.078,-0.000,-0.000,-0.000,-4.448,-0.396,-0.078,4.467,True,True,0.70711,0.00000,-0.00000,0.70711,0.00120,-0.00397,-0.01134,0.99993,2.64139,-0.02022,-0.08886
39.556,4,2.665,2.431,0.527,0.957,2.910,0.555,-0.292,0.479,0.029,-1.250,1.338,4.382,0.404,0.148,2.890,0.380,0.250,-1.492,-0.024,0.102,1.496,True,True,0.70711,0.00000,-0.00000,0.70711,0.00112,-0.01185,-0.01045,0.99987,2.49538,-0.00468,-0.16373
39.621,4,2.454,2.192,0.507,0.981,2.715,0.516,-0.308,0.523,0.009,-1.289,1.391,4.305,0.412,0.210,-0.000,-0.000,-0.000,-4.305,-0.412,-0.210,4.330,True,True,0.70711,0.00000,-0.00000,0.70711,0.00104,-0.01920,-0.00945,0.99977,2.35139,0.00943,-0.20458
39.642,4,2.235,1.939,0.487,0.999,1.962,0.531,-0.375,0.023,0.044,-1.374,1.375,4.255,0.416,0.276,2.040,0.170,-0.050,-2.215,-0.246,-0.326,2.252,False,True,0.70711,0.00000,-0.00000,0.70711,0.00096,-0.02713,-0.00827,0.99960,,,
39.684,4,2.111,1.794,0.476,1.005,1.818,0.469,-0.385,0.024,-0.007,-1.390,1.390,4.204,0.419,0.310,1.380,0.590,0.100,-2.824,0.171,-0.210,2.837,False,True,0.70711,0.00000,-0.00000,0.70711,0.00093,-0.03157,-0.00669,0.99948,,,
39.725,4,1.994,1.654,0.467,1.011,1.740,0.413,-0.390,0.085,-0.054,-1.401,1.405,4.127,0.423,0.348,0.760,0.540,0.050,-3.367,0.117,-0.298,3.382,False,True,0.70711,0.00000,-0.00000,0.70711,0.00093,-0.03675,-0.00482,0.99931,,,
39.747,4,1.828,1.452,0.449,1.016,1.692,0.374,-0.400,0.240,-0.074,-1.416,1.438,4.069,0.424,0.405,1.420,1.160,0.280,-2.649,0.736,-0.125,2.752,False,True,0.70711,0.00000,-0.00000,0.70711,0.00085,-0.04413,-0.00406,0.99902,,,
39.791,4,1.720,1.319,0.437,1.014,1.575,0.273,-0.418,0.256,-0.164,-1.431,1.463,4.010,0.426,0.432,0.910,0.800,0.130,-3.100,0.374,-0.302,3.137,False,True,0.70711,0.00000,-0.00000,0.70711,0.00081,-0.04812,-0.00332,0.99884,,,
40.361,5,23.386,23.154,3.248,-0.523,24.317,4.222,-1.761,1.163,0.974,-1.239,1.959,3.015,0.410,0.118,,,,,,,,True,True,0.70711,0.00000,-0.00000,0.70711,0.00947,-0.05858,0.10321,-0.99289,3.14612,-0.29748,-0.14033
40.382,5,23.316,23.059,3.284,-1.065,24.208,4.205,-1.937,1.149,0.921,-0.872,1.711,3.024,0.424,0.061,-0.000,-0.000,-0.000,-3.024,-0.424,-0.061,3.054,True,True,0.70711,0.00000,-0.00000,0.70711,0.00963,-0.07129,0.10981,-0.99135,3.17793,-0.34854,-0.16631
40.423,5,23.295,23.029,3.297,-1.209,24.139,4.094,-3.254,1.111,0.797,-2.044,2.459,3.067,0.494,0.078,-0.000,-0.000,-0.000,-3.067,-0.494,-0.078,3.108,True,True,0.70711,0.00000,-0.00000,0.70711,0.00962,-0.07467,0.11147,-0.99091,-3.01856,0.34549,0.24228
40.444,5,23.106,22.745,3.431,-2.183,24.015,4.019,-3.871,1.270,0.588,-1.687,2.192,3.111,0.579,-0.035,-0.000,-0.000,-0.000,-3.111,-0.579,0.035,3.165,True,True,0.70711,0.00000,-0.00000,0.70711,0.00855,-0.09752,0.12051,-0.98787,2.56771,-0.25577,-0.28729
40.485,5,23.084,22.712,3.446,-2.267,23.661,3.803,-4.825,0.949,0.357,-2.558,2.752,3.172,0.670,-0.037,-0.000,-0.000,-0.000,-3.172,-0.670,0.037,3.242,True,True,0.70711,0.00000,-0.00000,0.70711,0.00837,-0.09947,0.12101,-0.98762,2.56339,-0.27789,-0.31710
40.506,5,22.962,22.538,3.524,-2.621,23.532,3.716,-5.237,0.993,0.192,-2.616,2.805,3.209,0.740,-0.085,-0.000,-0.000,-0.000,-3.209,-0.740,0.085,3.295,True,True,0.70711,0.00000,-0.00000,0.70711,0.00713,-0.10783,0.12284,-0.98652,2.57169,-0.30077,-0.26620
40.547,5,22.887,22.437,3.561,-2.780,23.339,3.596,-5.532,0.902,0.035,-2.752,2.897,3.221,0.767,-0.109,,,,,,,,True,True,0.70711,0.00000,-0.00000,0.70711,0.00637,-0.11143,0.12207,-0.98623,2.56288,-0.27140,-0.26595
40.568,5,22.726,22.235,3.619,-3.001,23.134,3.460,-5.904,0.899,-0.159,-2.903,3.044,3.331,0.941,-0.158,-0.000,-0.000,-0.000,-3.331,-0.941,0.158,3.465,True,True,0.70711,0.00000,-0.00000,0.70711,0.00469,-0.11622,0.11847,-0.98612,2.60035,-0.27468,-0.24626
40.589,5,22.726,22.235,3.619,-3.001,23.135,3.409,-6.024,0.900,-0.210,-3.023,3.161,3.331,0.941,-0.158,-1.610,2.740,5.650,-4.941,1.799,5.808,7.835,True,True,0.70711,0.00000,-0.00000,0.70711,0.00469,-0.11622,0.11847,-0.98612,2.63142,-0.28244,-0.27145
40.671,5,22.507,21.985,3.650,-3.146,22.908,3.268,-6.161,0.923,-0.382,-3.014,3.176,3.499,1.185,-0.226,-0.000,-0.000,-0.000,-3.499,-1.185,0.226,3.701,True,True,0.70711,0.00000,-0.00000,0.70711,0.00268,-0.11873,0.10995,-0.98682,2.60006,-0.24891,-0.25388
40.691,5,22.321,21.796,3.685,-3.096,22.958,3.241,-6.200,1.162,-0.444,-3.104,3.344,3.534,1.253,-0.227,-7.540,0.140,1.840,-11.074,-1.113,2.067,11.321,True,True,0.70711,0.00000,-0.00000,0.70711,0.00041,-0.11795,0.10884,-0.98704,2.70319,-0.25220,-0.22563
40.733,5,22.208,21.686,3.671,-3.071,22.627,3.095,-6.105,0.941,-0.577,-3.034,3.229,3.598,1.340,-0.240,-0.000,-0.000,-0.000,-3.598,-1.340,0.240,3.847,True,True,0.70711,0.00000,-0.00000,0.70711,-0.00042,-0.11681,0.10362,-0.98773,2.57933,-0.26591,-0.27185
40.753,5,22.095,21.581,3.657,-3.018,22.565,3.035,-6.016,0.985,-0.622,-2.999,3.217,3.636,1.394,-0.244,-0.000,-0.000,-0.000,-3.636,-1.394,0.244,3.901,True,True,0.70711,0.00000,-0.00000,0.70711,-0.00128,-0.11516,0.09913,-0.98839,2.60667,-0.24606,-0.31172
40.774,5,22.001,21.495,3.640,-2.964,22.695,3.018,-5.938,1.200,-0.622,-2.974,3.267,3.674,1.446,-0.246,-0.000,-0.000,-0.000,-3.674,-1.446,0.246,3.956,True,True,0.70711,0.00000,-0.00000,0.70711,-0.00192,-0.11364,0.09601,-0.98887,2.69619,-0.21825,-0.23980
40.795,5,22.001,21.495,3.640,-2.964,22.344,2.943,-5.743,0.849,-0.698,-2.779,2.988,3.674,1.446,-0.246,-0.000,-0.000,-0.000,-3.674,-1.446,0.246,3.956,True,True,0.70711,0.00000,-0.00000,0.70711,-0.00192,-0.11364,0.09601,-0.98887,-2.79125,0.29157,0.09382
40.856,5,21.741,21.262,3.553,-2.822,22.327,2.921,-5.608,1.065,-0.632,-2.786,3.049,3.797,1.598,-0.262,-4.590,0.380,-6.790,-8.387,-1.218,-6.528,10.698,True,True,0.70711,0.00000,-0.00000,0.70711,-0.00286,-0.10915,0.08529,-0.99036,3.38125,-0.30272,-0.13946
40.877,5,21.741,21.262,3.553,-2.822,22.369,2.891,-5.474,1.107,-0.662,-2.652,2.949,3.797,1.598,-0.262,-4.420,0.610,-0.380,-8.217,-0.988,-0.118,8.277,True,True,0.70711,0.00000,-0.00000,0.70711,-0.00286,-0.10915,0.08529,-0.99036,3.38212,-0.22568,-0.09040
40.918,5,21.482,21.034,3.473,-2.643,22.343,2.839,-5.332,1.309,-0.634,-2.688,3.057,3.875,1.697,-0.255,-0.000,-0.000,-0.000,-3.875,-1.697,0.255,4.238,True,True,0.70711,0.00000,-0.00000,0.70711,-0.00391,-0.10469,0.08048,-0.99124,2.64645,-0.17935,-0.22759
40.960,5,21.342,20.911,3.400,-2.578,22.196,2.800,-5.208,1.285,-0.600,-2.630,2.988,3.909,1.736,-0.267,-0.000,-0.000,-0.000,-3.909,-1.736,0.267,4.286,True,True,0.70711,0.00000,-0.00000,0.70711,-0.00389,-0.10223,0.07313,-0.99206,2.60786,-0.18973,-0.23178
40.981,5,21.137,20.731,3.297,-2.474,22.073,2.811,-5.008,1.342,-0.485,-2.534,2.908,3.943,1.773,-0.276,-0.000,-0.000,-0.000,-3.943,-1.773,0.276,4.332,True,True,0.70711,0.00000,-0.00000,0.70711,-0.00389,-0.09881,0.06481,-0.99299,3.36408,-0.33101,-0.09123
41.022,5,21.108,20.705,3.283,-2.458,21.768,2.761,-4.743,1.063,-0.522,-2.285,2.573,3.995,1.825,-0.286,-0.000,-0.000,-0.000,-3.995,-1.825,0.286,4.401,True,True,0.70711,0.00000,-0.00000,0.70711,-0.00390,-0.09834,0.06393,-0.99309,-2.89963,0.24569,-0.03708
41.043,5,20.913,20.534,3.201,-2.336,21.695,2.745,-4.649,1.161,-0.456,-2.312,2.627,4.020,1.852,-0.276,-0.000,-0.000,-0.000,-4.020,-1.852,0.276,4.434,True,True,0.70711,0.00000,-0.00000,0.70711,-0.00418,-0.09538,0.06154,-0.99353,3.31709,-0.28951,0.00154
41.084,5,20.693,20.339,3.081,-2.241,21.306,2.640,-4.462,0.966,-0.440,-2.221,2.462,4.058,1.888,-0.288,-0.000,-0.000,-0.000,-4.058,-1.888,0.288,4.485,True,True,0.70711,0.00000,-0.00000,0.70711,-0.00392,-0.09225,0.05363,-0.99428,2.58238,-0.20012,-0.41990
41.147,5,20.663,20.313,3.063,-2.231,21.060,2.575,-4.313,0.747,-0.488,-2.082,2.266,4.116,1.943,-0.307,-0.000,-0.000,-0.000,-4.116,-1.943,0.307,4.562,True,True,0.70711,0.00000,-0.00000,0.70711,-0.00384,-0.09184,0.05224,-0.99439,2.44733,-0.07552,-0.07184
41.167,5,20.663,20.313,3.063,-2.231,21.019,2.566,-4.242,0.706,-0.497,-2.012,2.189,4.116,1.943,-0.307,-0.000,-0.000,-0.000,-4.116,-1.943,0.307,4.562,True,True,0.70711,0.00000,-0.00000,0.70711,-0.00384,-0.09184,0.05224,-0.99439,2.45306,-0.05798,-0.21130
41.209,5,20.277,19.967,2.875,-2.057,20.791,2.469,-4.048,0.824,-0.405,-1.991,2.193,4.147,1.968,-0.302,-0.000,-0.000,-0.000,-4.147,-1.968,0.302,4.600,True,True,0.70711,0.00000,-0.00000,0.70711,-0.00375,-0.08733,0.04599,-0.99511,2.43979,0.02119,-0.22606
41.230,5,20.087,19.796,2.744,-2.018,20.522,2.399,-3.944,0.727,-0.345,-1.926,2.087,4.195,1.998,-0.347,-0.000,-0.000,-0.000,-4.195,-1.998,0.347,4.660,True,True,0.70711,0.00000,-0.00000,0.70711,-0.00291,-0.08509,0.03420,-0.99578,2.38925,0.00206,-0.21204
41.313,5,19.901,19.627,2.647,-1.957,20.562,2.439,-3.754,0.934,-0.207,-1.797,2.036,4.248,2.025,-0.365,-0.000,-0.000,-0.000,-4.248,-2.025,0.365,4.720,True,True,0.70711,0.00000,-0.00000,0.70711,0.00266,0.08341,-0.03047,0.99605,-2.83943,0.22105,0.80385
41.334,5,19.672,19.420,2.528,-1.867,20.233,2.369,-3.631,0.814,-0.159,-1.764,1.949,4.268,2.032,-0.367,-0.000,-0.000,-0.000,-4.268,-2.032,0.367,4.741,True,True,0.70711,0.00000,-0.00000,0.70711,0.00240,0.08110,-0.02666,0.99635,-2.70948,0.09478,0.21717
41.354,5,19.550,19.308,2.465,-1.825,20.193,2.312,-3.515,0.885,-0.153,-1.690,1.913,4.284,2.037,-0.371,-0.000,-0.000,-0.000,-4.284,-2.037,0.371,4.758,True,True,0.70711,0.00000,-0.00000,0.70711,0.00226,0.08001,-0.02463,0.99649,-2.92052,0.12420,0.11386
41.375,5,19.438,19.205,2.400,-1.795,19.511,2.167,-3.338,0.306,-0.232,-1.543,1.590,4.300,2.039,-0.384,-0.000,-0.000,-0.000,-4.300,-2.039,0.384,4.774,True,True,0.70711,0.00000,-0.00000,0.70711,0.00195,0.07898,-0.02064,0.99666,2.40699,-0.01009,-0.33609
41.395,5,19.438,19.205,2.400,-1.795,19.203,2.121,-3.251,-0.002,-0.279,-1.456,1.483,4.300,2.039,-0.384,11.610,1.070,-3.490,7.310,-0.969,-3.106,8.002,True,True,0.70711,0.00000,-0.00000,0.70711,0.00195,0.07898,-0.02064,0.99666,2.38384,0.05282,-0.42372
41.457,5,19.189,18.977,2.262,-1.726,18.419,1.981,-3.018,-0.558,-0.281,-1.292,1.435,4.342,2.040,-0.412,-0.000,-0.000,-0.000,-4.342,-2.040,0.412,4.815,True,True,0.70711,0.00000,-0.00000,0.70711,0.00141,0.07690,-0.01377,0.99694,2.42170,0.03337,-0.25585
41.478,5,19.004,18.806,2.160,-1.681,18.258,1.921,-2.976,-0.548,-0.239,-1.295,1.426,4.359,2.034,-0.429,-0.000,-0.000,-0.000,-4.359,-2.034,0.429,4.829,True,True,0.70711,0.00000,-0.00000,0.70711,0.00097,0.07555,-0.00839,0.99711,2.34347,0.01795,-0.33591
41.519,5,18.750,18.570,2.034,-1.607,18.154,1.872,-2.907,-0.416,-0.161,-1.299,1.374,4.378,2.028,-0.435,-0.000,-0.000,-0.000,-4.378,-2.028,0.435,4.844,True,True,0.70711,0.00000,-0.00000,0.70711,0.00068,0.07383,-0.00496,0.99726,2.42708,0.09117,-0.21610
41.561,5,18.718,18.540,2.017,-1.600,17.881,1.799,-2.825,-0.659,-0.218,-1.225,1.408,4.398,2.021,-0.446,-0.000,-0.000,-0.000,-4.398,-2.021,0.446,4.861,True,True,0.70711,0.00000,-0.00000,0.70711,0.00060,0.07363,-0.00406,0.99728,2.32787,0.07809,-0.27166
41.581,5,18.718,18.540,2.017,-1.600,17.799,1.771,-2.793,-0.741,-0.245,-1.192,1.425,4.398,2.021,-0.446,-0.000,-0.000,-0.000,-4.398,-2.021,0.446,4.861,True,True,0.70711,0.00000,-0.00000,0.70711,0.00060,0.07363,-0.00406,0.99728,2.32742,0.07210,-0.26263
41.602,5,18.396,18.239,1.864,-1.512,17.478,1.714,-2.728,-0.761,-0.150,-1.216,1.442,4.421,2.009,-0.452,,,,,,,,True,True,0.70711,0.00000,-0.00000,0.70711,0.00033,0.07175,-0.00100,0.99742,2.26063,0.06965,-0.23623
41.664,5,18.254,18.105,1.799,-1.475,17.108,1.618,-2.646,-0.997,-0.181,-1.171,1.549,4.440,1.999,-0.458,-0.000,-0.000,-0.000,-4.440,-1.999,0.458,4.891,True,True,0.70711,0.00000,-0.00000,0.70711,0.00025,0.07104,-0.00026,0.99747,2.29474,0.07864,-0.17773
41.685,5,18.082,17.943,1.713,-1.440,17.176,1.580,-2.623,-0.768,-0.134,-1.182,1.416,4.450,1.989,-0.470,-0.000,-0.000,-0.000,-4.450,-1.989,0.470,4.897,True,True,0.70711,0.00000,-0.00000,0.70711,-0.00004,0.07019,0.00348,0.99753,2.36478,0.11102,-0.17540
41.706,5,17.871,17.743,1.615,-1.395,17.328,1.592,-2.613,-0.415,-0.023,-1.218,1.287,4.461,1.977,-0.478,-0.000,-0.000,-0.000,-4.461,-1.977,0.478,4.903,True,True,0.70711,0.00000,-0.00000,0.70711,-0.00025,0.06928,0.00608,0.99758,2.31062,0.13077,-0.16415
41.768,5,17.769,17.647,1.566,-1.374,16.979,1.494,-2.548,-0.668,-0.072,-1.173,1.352,4.481,1.956,-0.490,-0.000,-0.000,-0.000,-4.481,-1.956,0.490,4.913,True,True,0.70711,0.00000,-0.00000,0.70711,-0.00039,0.06884,0.00785,0.99760,2.29091,0.10422,-0.18079
41.789,5,17.581,17.468,1.476,-1.335,16.917,1.453,-2.493,-0.550,-0.023,-1.157,1.282,4.491,1.940,-0.501,-0.000,-0.000,-0.000,-4.491,-1.940,0.501,4.917,True,True,0.70711,0.00000,-0.00000,0.70711,-0.00067,0.06798,0.01152,0.99762,2.40380,0.04280,-0.30311
41.810,5,17.451,17.344,1.420,-1.305,16.903,1.422,-2.423,-0.442,0.002,-1.118,1.202,4.498,1.929,-0.502,-0.000,-0.000,-0.000,-4.498,-1.929,0.502,4.920,True,True,0.70711,0.00000,-0.00000,0.70711,-0.00074,0.06743,0.01231,0.99765,-2.82051,-0.03437,-0.04468
41.831,5,17.250,17.153,1.324,-1.267,16.092,1.365,-2.288,-1.061,0.041,-1.021,1.473,4.507,1.911,-0.517,-0.000,-0.000,-0.000,-4.507,-1.911,0.517,4.923,True,True,0.70711,0.00000,-0.00000,0.70711,-0.00108,0.06659,0.01700,0.99763,2.23855,0.10727,-0.40109
41.893,5,17.154,17.061,1.278,-1.250,16.217,1.309,-2.299,-0.844,0.031,-1.048,1.346,4.522,1.877,-0.531,-0.000,-0.000,-0.000,-4.522,-1.877,0.531,4.925,True,True,0.70711,0.00000,-0.00000,0.70711,-0.00127,0.06623,0.01960,0.99761,2.36610,0.07379,-0.26506
41.914,5,16.967,16.881,1.197,-1.212,16.576,1.346,-2.293,-0.305,0.149,-1.081,1.133,4.529,1.858,-0.537,,,,,,,,True,True,0.70711,0.00000,-0.00000,0.70711,-0.00143,0.06556,0.02174,0.99761,-2.89735,-0.12186,-0.23420
41.934,5,16.967,16.881,1.197,-1.212,16.494,1.293,-2.266,-0.387,0.095,-1.054,1.127,4.529,1.858,-0.537,,,,,,,,True,True,0.70711,0.00000,-0.00000,0.70711,-0.00143,0.06556,0.02174,0.99761,2.36375,0.07653,-0.26269
41.997,5,16.704,16.628,1.086,-1.160,15.991,1.152,-2.213,-0.637,0.067,-1.053,1.232,4.547,1.805,-0.549,-0.000,-0.000,-0.000,-4.547,-1.805,0.549,4.923,True,True,0.70711,0.00000,-0.00000,0.70711,0.00167,-0.06471,-0.02504,-0.99759,2.35462,0.07489,-0.24871
42.017,5,16.507,16.438,0.996,-1.130,16.021,1.139,-2.189,-0.417,0.143,-1.059,1.148,4.554,1.777,-0.567,-0.000,-0.000,-0.000,-4.554,-1.777,0.567,4.921,True,True,0.70711,0.00000,-0.00000,0.70711,0.00205,-0.06412,-0.03074,-0.99747,2.34400,0.09468,-0.29818
42.038,5,16.377,16.313,0.946,-1.104,15.964,1.099,-2.182,-0.349,0.153,-1.078,1.143,4.559,1.758,-0.568,4.750,2.780,-0.150,0.191,1.022,0.418,1.121,True,True,0.70711,0.00000,-0.00000,0.70711,0.00210,-0.06377,-0.03140,-0.99747,2.35717,0.10225,-0.20975
42.079,5,16.142,16.084,0.853,-1.059,15.875,1.098,-2.097,-0.209,0.245,-1.038,1.087,4.566,1.727,-0.574,-0.000,-0.000,-0.000,-4.566,-1.727,0.574,4.916,True,True,0.70711,0.00000,-0.00000,0.70711,0.00226,-0.06313,-0.03386,-0.99743,-2.77463,-0.14502,-0.10370
42.121,5,16.109,16.053,0.840,-1.053,15.095,0.887,-1.915,-0.958,0.047,-0.862,1.290,4.574,1.690,-0.578,-0.000,-0.000,-0.000,-4.574,-1.690,0.578,4.911,True,True,0.70711,0.00000,-0.00000,0.70711,0.00229,-0.06305,-0.03430,-0.99742,2.09385,0.02450,-0.24707
42.141,5,15.903,15.852,0.764,-1.014,15.756,0.978,-2.013,-0.097,0.214,-0.999,1.026,4.579,1.670,-0.578,-0.000,-0.000,-0.000,-4.579,-1.670,0.578,4.908,True,True,0.70711,0.00000,-0.00000,0.70711,0.00235,-0.06256,-0.03518,-0.99742,-2.87282,-0.13857,-0.11952
42.182,5,15.798,15.750,0.727,-0.994,15.414,0.889,-2.046,-0.336,0.162,-1.052,1.116,4.580,1.664,-0.575,-0.000,-0.000,-0.000,-4.580,-1.664,0.575,4.907,True,True,0.70711,0.00000,-0.00000,0.70711,0.00233,-0.06234,-0.03487,-0.99744,2.31237,0.08823,-0.31858
42.203,5,15.597,15.554,0.654,-0.957,15.749,0.900,-2.090,0.195,0.246,-1.133,1.175,4.590,1.613,-0.579,-0.000,-0.000,-0.000,-4.590,-1.613,0.579,4.899,True,True,0.70711,0.00000,-0.00000,0.70711,0.00243,-0.06191,-0.03639,-0.99742,2.44195,0.13772,-0.27893
42.244,5,15.493,15.452,0.616,-0.940,15.867,0.883,-2.112,0.415,0.267,-1.171,1.271,4.591,1.605,-0.582,-3.230,1.460,0.890,-7.821,-0.145,1.472,7.960,True,True,0.70711,0.00000,-0.00000,0.70711,0.00251,-0.06172,-0.03771,-0.99738,2.47181,0.09412,-0.14813
42.264,5,15.289,15.252,0.544,-0.906,15.402,0.797,-2.062,0.150,0.253,-1.156,1.193,4.600,1.549,-0.587,,,,,,,,True,True,0.70711,0.00000,-0.00000,0.70711,0.00262,-0.06136,-0.03963,-0.99733,2.31544,0.10410,-0.22470
42.306,5,15.151,15.117,0.497,-0.883,14.712,0.736,-1.976,-0.405,0.239,-1.093,1.190,4.606,1.509,-0.590,13.130,-0.880,-1.970,8.524,-2.389,-1.380,8.959,True,True,0.70711,0.00000,-0.00000,0.70711,0.00268,-0.06113,-0.04068,-0.99730,2.26809,0.17327,-0.31044
42.347,5,14.873,14.844,0.405,-0.835,14.449,0.656,-1.941,-0.394,0.251,-1.106,1.201,4.610,1.476,-0.591,-0.000,-0.000,-0.000,-4.610,-1.476,0.591,4.877,True,True,0.70711,0.00000,-0.00000,0.70711,0.00278,-0.06064,-0.04252,-0.99725,2.34398,0.12668,-0.21599
42.388,5,14.840,14.812,0.395,-0.829,14.413,0.586,-1.943,-0.399,0.190,-1.114,1.199,4.615,1.435,-0.590,-0.000,-0.000,-0.000,-4.615,-1.435,0.590,4.869,True,True,0.70711,0.00000,-0.00000,0.70711,0.00277,-0.06059,-0.04239,-0.99726,2.39655,0.12092,-0.22637
42.409,5,14.640,14.614,0.333,-0.795,15.168,0.637,-2.015,0.554,0.303,-1.220,1.374,4.618,1.414,-0.589,-0.000,-0.000,-0.000,-4.618,-1.414,0.589,4.865,True,True,0.70711,0.00000,-0.00000,0.70711,0.00279,-0.06027,-0.04287,-0.99726,2.58703,0.12751,-0.03301
42.429,5,14.441,14.418,0.274,-0.762,14.671,0.549,-1.958,0.252,0.275,-1.196,1.253,4.621,1.386,-0.588,-0.000,-0.000,-0.000,-4.621,-1.386,0.588,4.860,True,True,0.70711,0.00000,-0.00000,0.70711,0.00281,-0.05998,-0.04339,-0.99725,2.36422,0.12231,-0.27653
42.492,5,14.352,14.330,0.245,-0.748,13.787,0.358,-1.752,-0.543,0.113,-1.005,1.148,4.627,1.333,-0.590,-0.000,-0.000,-0.000,-4.627,-1.333,0.590,4.851,True,True,0.70711,0.00000,-0.00000,0.70711,0.00290,-0.05985,-0.04489,-0.99719,2.12430,0.02538,-0.17138
42.513,5,14.352,14.330,0.245,-0.748,13.980,0.381,-1.852,-0.350,0.135,-1.104,1.166,4.627,1.333,-0.590,,,,,,,,True,True,0.70711,0.00000,-0.00000,0.70711,0.00290,-0.05985,-0.04489,-0.99719,2.29675,0.07764,-0.28386
42.534,5,14.160,14.141,0.189,-0.717,13.755,0.326,-1.795,-0.386,0.137,-1.078,1.153,4.629,1.302,-0.591,,,,,,,,True,True,0.70711,0.00000,-0.00000,0.70711,0.00297,-0.05959,-0.04620,-0.99715,2.12715,0.01663,-0.20122
42.575,5,13.804,13.788,0.092,-0.661,13.486,0.285,-1.780,-0.302,0.193,-1.118,1.174,4.635,1.247,-0.587,-0.000,-0.000,-0.000,-4.635,-1.247,0.587,4.835,True,True,0.70711,0.00000,-0.00000,0.70711,0.00296,-0.05920,-0.04648,-0.99716,2.36118,0.13850,-0.19676
42.618,5,13.618,13.603,0.041,-0.633,13.413,0.262,-1.797,-0.190,0.221,-1.164,1.200,4.638,1.203,-0.590,-0.000,-0.000,-0.000,-4.638,-1.203,0.590,4.828,True,True,0.70711,0.00000,-0.00000,0.70711,0.00309,-0.05900,-0.04885,-0.99706,2.37864,0.16038,-0.17300
42.659,5,13.586,13.571,0.032,-0.628,12.783,0.141,-1.571,-0.788,0.109,-0.943,1.234,4.641,1.166,-0.590,-0.000,-0.000,-0.000,-4.641,-1.166,0.590,4.821,True,True,0.70711,0.00000,-0.00000,0.70711,0.00310,-0.05896,-0.04916,-0.99704,-2.57091,-0.04264,-0.10166
42.680,5,13.310,13.297,-0.036,-0.586,13.156,0.210,-1.716,-0.141,0.246,-1.130,1.165,4.643,1.132,-0.588,-0.000,-0.000,-0.000,-4.643,-1.132,0.588,4.815,True,True,0.70711,0.00000,-0.00000,0.70711,0.00313,-0.05870,-0.04996,-0.99702,2.38204,0.15076,-0.26277
42.721,5,13.278,13.265,-0.044,-0.581,13.085,0.181,-1.738,-0.181,0.225,-1.157,1.193,4.645,1.093,-0.586,-0.000,-0.000,-0.000,-4.645,-1.093,0.586,4.808,True,True,0.70711,0.00000,-0.00000,0.70711,0.00313,-0.05868,-0.04989,-0.99702,2.37234,0.16374,-0.24616
42.741,5,13.105,13.093,-0.084,-0.555,12.818,0.123,-1.739,-0.275,0.207,-1.184,1.233,4.647,1.070,-0.584,-0.000,-0.000,-0.000,-4.647,-1.070,0.584,4.804,True,True,0.70711,0.00000,-0.00000,0.70711,0.00311,-0.05852,-0.04978,-0.99704,2.36085,0.14280,-0.15108
42.783,5,12.969,12.957,-0.114,-0.535,12.245,-0.014,-1.568,-0.713,0.100,-1.033,1.259,4.650,1.026,-0.579,-0.000,-0.000,-0.000,-4.650,-1.026,0.579,4.797,True,True,0.70711,0.00000,-0.00000,0.70711,0.00306,-0.05840,-0.04908,-0.99708,2.12370,0.02317,-0.14952
42.803,5,12.697,12.686,-0.174,-0.496,12.855,0.063,-1.700,0.168,0.237,-1.204,1.239,4.651,0.995,-0.577,-0.000,-0.000,-0.000,-4.651,-0.995,0.577,4.792,True,True,0.70711,0.00000,-0.00000,0.70711,0.00307,-0.05818,-0.04965,-0.99707,2.52174,0.14381,-0.03624
42.845,5,12.665,12.654,-0.180,-0.491,12.976,0.059,-1.739,0.322,0.239,-1.248,1.311,4.653,0.960,-0.574,-0.000,-0.000,-0.000,-4.653,-0.960,0.574,4.786,True,True,0.70711,0.00000,-0.00000,0.70711,0.00306,-0.05816,-0.04942,-0.99708,2.51817,0.16126,0.02754
42.865,5,12.665,12.654,-0.180,-0.491,12.650,0.009,-1.727,-0.004,0.189,-1.235,1.250,4.653,0.960,-0.574,-0.000,-0.000,-0.000,-4.653,-0.960,0.574,4.786,True,True,0.70711,0.00000,-0.00000,0.70711,0.00306,-0.05816,-0.04942,-0.99708,2.40901,0.17137,-0.06783
42.906,5,12.402,12.391,-0.233,-0.455,12.699,-0.013,-1.729,0.308,0.220,-1.274,1.329,4.655,0.931,-0.570,-0.000,-0.000,-0.000,-4.655,-0.931,0.570,4.781,True,True,0.70711,0.00000,-0.00000,0.70711,0.00301,-0.05797,-0.04892,-0.99711,2.55518,0.13742,-0.00364
42.927,5,12.211,12.201,-0.270,-0.428,12.542,-0.032,-1.714,0.341,0.238,-1.286,1.352,4.658,0.873,-0.568,12.610,1.060,-1.120,7.952,0.187,-0.552,7.974,True,True,0.70711,0.00000,-0.00000,0.70711,0.00303,-0.05785,-0.04952,-0.99709,2.42959,0.16456,-0.19491
42.989,5,11.994,11.983,-0.311,-0.398,12.014,-0.108,-1.677,0.031,0.203,-1.278,1.295,4.660,0.810,-0.564,-0.000,-0.000,-0.000,-4.660,-0.810,0.564,4.763,True,True,0.70711,0.00000,-0.00000,0.70711,0.00306,-0.05773,-0.05021,-0.99706,2.38468,0.17024,-0.13040
43.009,5,11.820,11.809,-0.340,-0.375,12.316,-0.112,-1.705,0.507,0.229,-1.330,1.442,4.661,0.803,-0.562,-0.000,-0.000,-0.000,-4.661,-0.803,0.562,4.762,True,True,0.70711,0.00000,-0.00000,0.70711,0.00301,-0.05763,-0.04948,-0.99711,2.58109,0.14258,-0.02446
43.051,5,11.723,11.712,-0.356,-0.363,12.214,-0.133,-1.700,0.502,0.223,-1.338,1.446,4.662,0.762,-0.559,-0.000,-0.000,-0.000,-4.662,-0.762,0.559,4.757,True,True,0.70711,0.00000,-0.00000,0.70711,0.00298,-0.05758,-0.04908,-0.99713,2.52238,0.14705,0.04430
43.072,5,11.496,11.484,-0.393,-0.332,12.215,-0.160,-1.695,0.731,0.233,-1.363,1.564,4.663,0.733,-0.556,-0.000,-0.000,-0.000,-4.663,-0.733,0.556,4.753,True,True,0.70711,0.00000,-0.00000,0.70711,0.00299,-0.05747,-0.04955,-0.99711,2.60705,0.14108,0.02925
43.174,5,11.317,11.305,-0.420,-0.309,11.481,-0.238,-1.611,0.175,0.182,-1.302,1.326,4.666,0.639,-0.550,-0.000,-0.000,-0.000,-4.666,-0.639,0.550,4.742,True,True,0.70711,0.00000,-0.00000,0.70711,0.00297,-0.05738,-0.04944,-0.99712,2.40267,0.15064,-0.12279
43.195,5,11.024,11.011,-0.461,-0.272,11.269,-0.276,-1.594,0.257,0.184,-1.321,1.359,4.667,0.608,-0.546,-0.000,-0.000,-0.000,-4.667,-0.608,0.546,4.738,True,True,0.70711,0.00000,-0.00000,0.70711,0.00295,-0.05727,-0.04927,-0.99714,2.44332,0.15675,-0.07519
43.237,5,10.875,10.861,-0.480,-0.254,10.873,-0.325,-1.550,0.011,0.155,-1.296,1.305,4.668,0.579,-0.543,-0.000,-0.000,-0.000,-4.668,-0.579,0.543,4.735,True,True,0.70711,0.00000,-0.00000,0.70711,0.00291,-0.05721,-0.04881,-0.99716,2.41214,0.15598,-0.12033
43.257,5,10.737,10.723,-0.497,-0.237,11.020,-0.321,-1.563,0.297,0.176,-1.327,1.371,4.669,0.551,-0.541,-0.000,-0.000,-0.000,-4.669,-0.551,0.541,4.732,True,True,0.70711,0.00000,-0.00000,0.70711,0.00290,-0.05716,-0.04877,-0.99717,2.54515,0.13601,0.03735
43.279,5,10.604,10.589,-0.513,-0.220,10.890,-0.345,-1.557,0.300,0.168,-1.337,1.381,4.670,0.523,-0.539,12.250,1.790,-0.690,7.580,1.267,-0.151,7.687,True,True,0.70711,0.00000,-0.00000,0.70711,0.00288,-0.05711,-0.04849,-0.99719,2.47531,0.15563,-0.12064
43.320,5,10.471,10.455,-0.527,-0.205,10.519,-0.398,-1.525,0.064,0.130,-1.320,1.328,4.670,0.498,-0.536,-0.000,-0.000,-0.000,-4.670,-0.498,0.536,4.727,True,True,0.70711,0.00000,-0.00000,0.70711,0.00283,-0.05707,-0.04769,-0.99723,2.41415,0.14525,-0.12819
43.341,5,10.346,10.331,-0.540,-0.190,10.558,-0.384,-1.533,0.228,0.156,-1.343,1.371,4.671,0.473,-0.533,-0.000,-0.000,-0.000,-4.671,-0.473,0.533,4.725,True,True,0.70711,0.00000,-0.00000,0.70711,0.00279,-0.05703,-0.04702,-0.99726,2.50134,0.16051,-0.09968
43.403,5,10.184,10.167,-0.556,-0.172,10.198,-0.420,-1.491,0.030,0.136,-1.319,1.327,4.672,0.425,-0.529,-0.000,-0.000,-0.000,-4.672,-0.425,0.529,4.721,True,True,0.70711,0.00000,-0.00000,0.70711,0.00274,-0.05698,-0.04631,-0.99730,2.45834,0.13206,-0.11763
43.423,5,9.966,9.948,-0.576,-0.145,10.157,-0.425,-1.490,0.209,0.151,-1.345,1.370,4.673,0.399,-0.527,-0.000,-0.000,-0.000,-4.673,-0.399,0.527,4.719,True,True,0.70711,0.00000,-0.00000,0.70711,0.00274,-0.05692,-0.04643,-0.99729,2.46674,0.15240,-0.10632
43.444,5,9.845,9.827,-0.587,-0.132,10.084,-0.442,-1.430,0.257,0.144,-1.298,1.331,4.673,0.381,-0.525,-0.000,-0.000,-0.000,-4.673,-0.381,0.525,4.718,True,True,0.70711,0.00000,-0.00000,0.70711,0.00268,-0.05689,-0.04551,-0.99734,-2.93357,-0.14697,0.01218
43.464,5,9.737,9.718,-0.595,-0.121,9.797,-0.492,-1.433,0.079,0.103,-1.313,1.319,4.673,0.361,-0.523,-0.000,-0.000,-0.000,-4.673,-0.361,0.523,4.716,True,True,0.70711,0.00000,-0.00000,0.70711,0.00261,-0.05686,-0.04442,-0.99739,2.46194,0.12157,-0.07523
43.547,5,9.493,9.472,-0.613,-0.093,9.623,-0.518,-1.376,0.150,0.095,-1.283,1.296,4.675,0.296,-0.518,-0.000,-0.000,-0.000,-4.675,-0.296,0.518,4.713,True,True,0.70711,0.00000,-0.00000,0.70711,0.00256,-0.05681,-0.04366,-0.99743,-2.93579,-0.18089,-0.04892
43.567,5,9.159,9.137,-0.634,-0.057,9.367,-0.536,-1.383,0.229,0.098,-1.327,1.350,4.675,0.270,-0.515,-0.000,-0.000,-0.000,-4.675,-0.270,0.515,4.711,True,True,0.70711,0.00000,-0.00000,0.70711,0.00247,-0.05674,-0.04222,-0.99749,2.45262,0.11938,-0.12070
43.650,5,8.828,8.804,-0.650,-0.021,9.362,-0.544,-1.394,0.558,0.106,-1.373,1.486,4.676,0.202,-0.510,-0.000,-0.000,-0.000,-4.676,-0.202,0.510,4.708,True,True,0.70711,0.00000,-0.00000,0.70711,0.00239,-0.05668,-0.04099,-0.99755,2.65539,0.11946,0.04606
43.671,5,8.828,8.804,-0.650,-0.021,9.182,-0.544,-1.321,0.377,0.107,-1.300,1.358,4.676,0.202,-0.510,-0.000,-0.000,-0.000,-4.676,-0.202,0.510,4.708,True,True,0.70711,0.00000,-0.00000,0.70711,0.00239,-0.05668,-0.04099,-0.99755,3.31894,0.15235,0.01568
43.692,5,8.727,8.703,-0.655,-0.009,8.909,-0.582,-1.335,0.206,0.072,-1.325,1.343,4.677,0.180,-0.508,-0.000,-0.000,-0.000,-4.677,-0.180,0.508,4.708,True,True,0.70711,0.00000,-0.00000,0.70711,0.00238,-0.05667,-0.04091,-0.99755,2.52776,0.11424,-0.08887
43.712,5,8.605,8.580,-0.660,0.003,8.952,-0.591,-1.352,0.372,0.069,-1.355,1.406,4.677,0.164,-0.507,-0.000,-0.000,-0.000,-4.677,-0.164,0.507,4.707,True,True,0.70711,0.00000,-0.00000,0.70711,0.00231,-0.05665,-0.03979,-0.99760,2.69500,0.09792,0.00112
43.733,5,8.491,8.465,-0.664,0.014,8.892,-0.593,-1.349,0.428,0.070,-1.363,1.431,4.677,0.142,-0.505,5.210,0.020,-0.470,0.533,-0.122,0.035,0.547,True,True,0.70711,0.00000,-0.00000,0.70711,0.00223,-0.05663,-0.03846,-0.99765,2.66357,0.10413,0.02850
43.795,5,8.317,8.290,-0.669,0.032,8.496,-0.592,-1.242,0.206,0.077,-1.274,1.293,4.678,0.104,-0.503,-0.000,-0.000,-0.000,-4.678,-0.104,0.503,4.706,True,True,0.70711,0.00000,-0.00000,0.70711,0.00218,-0.05661,-0.03764,-0.99768,-2.95918,-0.14554,-0.08473
43.816,5,8.108,8.080,-0.674,0.055,8.405,-0.595,-1.221,0.325,0.079,-1.276,1.319,4.678,0.089,-0.502,0.750,0.230,0.210,-3.928,0.141,0.712,3.995,True,True,0.70711,0.00000,-0.00000,0.70711,0.00216,-0.05658,-0.03728,-0.99770,3.33702,0.15608,-0.01926
43.837,5,8.010,7.981,-0.676,0.065,8.178,-0.628,-1.247,0.197,0.047,-1.312,1.327,4.678,0.074,-0.501,-0.000,-0.000,-0.000,-4.678,-0.074,0.501,4.706,True,True,0.70711,0.00000,-0.00000,0.70711,0.00212,-0.05656,-0.03661,-0.99773,2.59623,0.10449,-0.05012
43.922,5,7.790,7.760,-0.679,0.087,8.010,-0.640,-1.257,0.250,0.039,-1.343,1.367,4.679,0.025,-0.498,-0.000,-0.000,-0.000,-4.679,-0.025,0.498,4.705,True,True,0.70711,0.00000,-0.00000,0.70711,0.00202,-0.05654,-0.03503,-0.99778,2.59077,0.10950,-0.01387
43.943,5,7.448,7.416,-0.681,0.123,7.850,-0.629,-1.174,0.434,0.051,-1.297,1.369,4.679,0.003,-0.497,-0.000,-0.000,-0.000,-4.679,-0.003,0.497,4.706,True,True,0.70711,0.00000,-0.00000,0.70711,0.00198,-0.05650,-0.03436,-0.99781,-2.95328,-0.14650,-0.05192
44.005,5,7.416,7.384,-0.681,0.126,7.675,-0.638,-1.192,0.291,0.043,-1.318,1.350,4.679,-0.010,-0.496,5.230,0.400,1.340,0.551,0.410,1.836,1.960,True,True,0.70711,0.00000,-0.00000,0.70711,0.00197,-0.05650,-0.03424,-0.99781,2.52845,0.12686,-0.06183
44.027,5,7.325,7.292,-0.681,0.135,7.473,-0.641,-1.157,0.181,0.040,-1.292,1.305,4.680,-0.039,-0.495,2.480,-0.330,-3.840,-2.200,-0.291,-3.345,4.014,True,True,0.70711,0.00000,-0.00000,0.70711,0.00193,-0.05649,-0.03353,-0.99784,3.33168,0.15454,-0.03028
44.090,5,6.757,6.720,-0.675,0.192,7.235,-0.641,-1.093,0.515,0.034,-1.285,1.385,4.680,-0.087,-0.493,5.450,0.060,-0.770,0.770,0.147,-0.277,0.831,True,True,0.70711,0.00000,-0.00000,0.70711,0.00173,-0.05644,-0.03022,-0.99795,3.32556,0.16382,0.04497
44.112,5,6.661,6.624,-0.674,0.201,6.969,-0.670,-1.123,0.345,0.003,-1.324,1.368,4.680,-0.099,-0.493,-0.000,-0.000,-0.000,-4.680,0.099,0.493,4.707,True,True,0.70711,0.00000,-0.00000,0.70711,0.00169,-0.05644,-0.02953,-0.99797,2.56349,0.10022,-0.03193
44.174,5,6.404,6.365,-0.668,0.227,6.710,-0.677,-1.116,0.345,-0.009,-1.343,1.387,4.681,-0.133,-0.492,-0.000,-0.000,-0.000,-4.681,0.133,0.492,4.708,True,True,0.70711,0.00000,-0.00000,0.70711,0.00163,-0.05642,-0.02846,-0.99800,2.55373,0.09132,-0.07910
44.194,5,6.404,6.365,-0.668,0.227,6.672,-0.656,-1.050,0.307,0.012,-1.278,1.314,4.681,-0.140,-0.492,-0.000,-0.000,-0.000,-4.681,0.140,0.492,4.709,True,True,0.70711,0.00000,-0.00000,0.70711,0.00163,-0.05642,-0.02846,-0.99800,3.30031,0.14453,0.03357
44.215,5,6.183,6.143,-0.661,0.249,6.428,-0.676,-1.070,0.285,-0.014,-1.319,1.350,4.681,-0.154,-0.492,-0.000,-0.000,-0.000,-4.681,0.154,0.492,4.709,True,True,0.70711,0.00000,-0.00000,0.70711,0.00155,-0.05640,-0.02715,-0.99804,2.57169,0.08786,-0.06922
44.279,5,6.151,6.110,-0.660,0.252,6.131,-0.678,-1.056,0.021,-0.018,-1.308,1.308,4.681,-0.179,-0.491,-0.150,-0.400,-0.080,-4.831,-0.221,0.411,4.854,True,True,0.70711,0.00000,-0.00000,0.70711,0.00153,-0.05640,-0.02671,-0.99805,2.57927,0.08426,-0.07905
44.321,5,5.814,5.771,-0.648,0.286,5.894,-0.671,-1.031,0.123,-0.022,-1.317,1.323,4.681,-0.199,-0.491,-0.000,-0.000,-0.000,-4.681,0.199,0.491,4.711,True,True,0.70711,0.00000,-0.00000,0.70711,0.00144,-0.05638,-0.02518,-0.99809,2.56110,0.07906,-0.10731
44.342,5,5.580,5.535,-0.640,0.307,5.773,-0.673,-1.014,0.238,-0.034,-1.322,1.344,4.681,-0.213,-0.492,-0.000,-0.000,-0.000,-4.681,0.213,0.492,4.712,True,True,0.70711,0.00000,-0.00000,0.70711,0.00130,-0.05637,-0.02277,-0.99815,2.60023,0.07704,-0.06657
44.408,5,5.548,5.502,-0.638,0.311,5.634,-0.672,-0.986,0.131,-0.034,-1.296,1.303,4.682,-0.234,-0.492,-0.000,-0.000,-0.000,-4.682,0.234,0.492,4.713,True,True,0.70711,0.00000,-0.00000,0.70711,0.00129,-0.05637,-0.02253,-0.99815,2.73781,0.07011,-0.00449
44.429,5,5.322,5.275,-0.627,0.334,5.589,-0.640,-0.908,0.314,-0.012,-1.242,1.281,4.682,-0.243,-0.492,-0.000,-0.000,-0.000,-4.682,0.243,0.492,4.714,True,True,0.70711,0.00000,-0.00000,0.70711,0.00125,-0.05636,-0.02188,-0.99817,3.21957,0.10530,0.09159
44.450,5,5.104,5.054,-0.617,0.356,5.361,-0.665,-0.920,0.306,-0.049,-1.275,1.313,4.682,-0.255,-0.492,-0.000,-0.000,-0.000,-4.682,0.255,0.492,4.714,True,True,0.70711,0.00000,-0.00000,0.70711,0.00118,-0.05635,-0.02061,-0.99820,2.73000,0.06716,-0.02425
44.512,5,5.072,5.022,-0.615,0.359,5.229,-0.634,-0.857,0.207,-0.019,-1.216,1.234,4.682,-0.275,-0.492,-0.000,-0.000,-0.000,-4.682,0.275,0.492,4.716,True,True,0.70711,0.00000,-0.00000,0.70711,0.00116,-0.05635,-0.02031,-0.99820,-3.16437,-0.12495,-0.11663
44.533,5,4.831,4.778,-0.602,0.385,5.159,-0.609,-0.825,0.381,-0.007,-1.209,1.268,4.682,-0.284,-0.491,-0.000,-0.000,-0.000,-4.682,0.284,0.491,4.716,True,True,0.70711,0.00000,-0.00000,0.70711,0.00109,-0.05613,-0.01903,-0.99824,-3.05139,-0.06150,-0.00443
44.556,5,4.697,4.642,-0.594,0.401,5.036,-0.611,-0.811,0.394,-0.017,-1.212,1.275,4.682,-0.294,-0.488,8.040,0.590,-0.450,3.358,0.884,0.038,3.473,True,True,0.70711,0.00000,-0.00000,0.70711,0.00105,-0.05582,-0.01833,-0.99827,3.23611,0.11133,-0.00639
44.597,5,4.567,4.509,-0.587,0.429,4.801,-0.604,-0.784,0.292,-0.017,-1.213,1.248,4.682,-0.302,-0.473,-0.000,-0.000,-0.000,-4.682,0.302,0.473,4.716,True,True,0.70711,0.00000,-0.00000,0.70711,0.00102,-0.05405,-0.01714,-0.99839,3.22293,0.10500,0.03119
44.617,5,4.439,4.376,-0.580,0.469,4.665,-0.597,-0.753,0.289,-0.017,-1.222,1.256,4.682,-0.308,-0.443,-0.000,-0.000,-0.000,-4.682,0.308,0.443,4.713,True,True,0.70711,0.00000,-0.00000,0.70711,0.00100,-0.05082,-0.01578,-0.99858,3.21647,0.09905,0.04039
44.638,5,4.209,4.135,-0.566,0.543,4.558,-0.573,-0.698,0.423,-0.007,-1.241,1.311,4.682,-0.316,-0.384,-0.000,-0.000,-0.000,-4.682,0.316,0.384,4.708,True,True,0.70711,0.00000,-0.00000,0.70711,0.00102,-0.04446,-0.01442,-0.99891,-3.02512,-0.01555,0.12105
44.722,5,4.042,3.959,-0.555,0.601,4.430,-0.560,-0.646,0.471,-0.005,-1.247,1.333,4.657,-0.335,-0.326,7.810,-0.530,-3.030,3.153,-0.195,-2.704,4.158,True,True,0.70711,0.00000,-0.00000,0.70711,0.00102,-0.03863,-0.01329,-0.99916,-3.02633,0.00331,0.15572
44.768,5,3.798,3.697,-0.538,0.683,3.626,-0.557,-0.543,-0.071,-0.019,-1.227,1.229,4.646,-0.342,-0.243,1.500,-0.130,-0.580,-3.146,0.212,-0.337,3.171,False,True,0.70711,0.00000,-0.00000,0.70711,0.00104,-0.02982,-0.01238,-0.99948,,,
44.790,5,3.648,3.537,-0.528,0.722,3.672,-0.537,-0.407,0.135,-0.009,-1.129,1.137,4.629,-0.348,-0.202,-0.690,-0.310,-2.040,-5.319,0.038,-1.838,5.628,True,True,0.70711,0.00000,-0.00000,0.70711,0.00103,-0.02541,-0.01133,-0.99961,2.79613,-0.00094,-0.13131
44.833,5,3.511,3.388,-0.519,0.762,3.523,-0.520,-0.338,0.135,-0.001,-1.100,1.109,4.610,-0.352,-0.152,6.050,-0.460,-2.020,1.440,-0.108,-1.868,2.361,True,True,0.70711,0.00000,-0.00000,0.70711,0.00100,-0.02016,-0.00989,-0.99975,2.95507,0.05428,-0.08226
44.895,5,3.247,3.097,-0.500,0.838,3.357,-0.504,-0.279,0.260,-0.004,-1.118,1.148,4.540,-0.363,-0.048,5.700,-0.640,-1.940,1.160,-0.277,-1.892,2.237,True,True,0.70711,0.00000,-0.00000,0.70711,0.00095,-0.00901,-0.00817,-0.99993,3.08228,0.08006,0.01794
44.939,5,3.016,2.837,-0.481,0.901,3.208,-0.483,-0.230,0.371,-0.002,-1.130,1.190,4.509,-0.366,0.049,-0.000,-0.000,-0.000,-4.509,0.366,-0.049,4.524,True,True,0.70711,0.00000,-0.00000,0.70711,0.00091,0.00157,-0.00768,-0.99997,3.10759,0.09672,0.11395
44.960,5,2.892,2.701,-0.471,0.921,2.536,-0.492,-0.387,-0.165,-0.020,-1.309,1.319,4.475,-0.369,0.086,1.990,-0.020,-0.170,-2.485,0.349,-0.256,2.522,False,True,0.70711,0.00000,-0.00000,0.70711,0.00088,0.00571,-0.00724,-0.99996,,,
44.981,5,2.892,2.701,-0.471,0.921,2.819,-0.474,-0.289,0.118,-0.002,-1.210,1.216,4.475,-0.369,0.086,-8.490,-0.540,-2.950,-12.965,-0.171,-3.036,13.316,True,True,0.70711,0.00000,-0.00000,0.70711,0.00088,0.00571,-0.00724,-0.99996,2.42414,0.00100,0.11396
45.022,5,2.640,2.417,-0.452,0.962,2.755,-0.448,-0.299,0.338,0.004,-1.261,1.305,4.397,-0.374,0.171,-0.000,-0.000,-0.000,-4.397,0.374,-0.171,4.416,True,True,0.70711,0.00000,-0.00000,0.70711,0.00081,0.01548,-0.00518,-0.99987,2.37132,-0.00876,0.19952
45.046,5,2.516,2.276,-0.442,0.978,2.672,-0.438,-0.308,0.396,0.004,-1.286,1.346,4.355,-0.376,0.212,5.110,-0.330,0.460,0.755,0.046,0.248,0.796,True,True,0.70711,0.00000,-0.00000,0.70711,0.00078,0.02035,-0.00454,-0.99978,2.35410,-0.03998,0.10644
45.093,5,2.397,2.139,-0.432,0.991,2.515,-0.428,-0.324,0.376,0.004,-1.315,1.368,4.311,-0.378,0.250,-0.000,-0.000,-0.000,-4.311,0.378,-0.250,4.334,True,True,0.70711,0.00000,-0.00000,0.70711,0.00074,0.02491,-0.00388,-0.99968,2.33024,-0.04174,0.09419
45.116,5,2.171,1.879,-0.412,1.007,1.900,-0.440,-0.363,0.021,-0.029,-1.369,1.370,4.253,-0.379,0.317,1.160,-0.130,0.020,-3.093,0.249,-0.297,3.117,False,True,0.70711,0.00000,-0.00000,0.70711,0.00066,0.03301,-0.00302,-0.99945,,,
45.158,5,2.171,1.879,-0.412,1.007,1.796,-0.406,-0.365,-0.083,0.006,-1.372,1.374,4.253,-0.379,0.317,3.120,-1.040,0.070,-1.133,-0.661,-0.247,1.335,False,True,0.70711,0.00000,-0.00000,0.70711,0.00066,0.03301,-0.00302,-0.99945,,,
45.203,5,1.948,1.614,-0.390,1.017,1.703,-0.371,-0.371,0.089,0.019,-1.388,1.391,4.116,-0.382,0.385,0.440,-0.190,0.050,-3.676,0.192,-0.335,3.696,False,True,0.70711,0.00000,-0.00000,0.70711,0.00058,0.04197,-0.00264,-0.99912,,,
45.223,5,1.844,1.491,-0.379,1.017,1.612,-0.295,-0.384,0.122,0.084,-1.401,1.408,4.064,-0.382,0.411,0.880,-0.730,0.130,-3.184,-0.348,-0.281,3.215,False,True,0.70711,0.00000,-0.00000,0.70711,0.00054,0.04558,-0.00239,-0.99896,,,
45.247,5,1.743,1.369,-0.370,1.014,1.563,-0.252,-0.393,0.194,0.117,-1.407,1.425,4.012,-0.383,0.433,1.470,-1.270,0.270,-2.542,-0.887,-0.163,2.697,False,True,0.70711,0.00000,-0.00000,0.70711,0.00053,0.04888,-0.00161,-0.99880,,,
